"","logFC","logCPM","LR","PValue","FDR"
"FAGR_UCONN_30782",5.68597667637244,5.17733294059751,56.1730957917065,6.63634477257123e-14,1.43623773567987e-09
"FAGR_UCONN_29565",4.96695779297228,1.46307774692318,47.5457350953537,5.37355381530468e-12,5.81472258354119e-08
"FAGR_UCONN_08530",4.3174110419528,2.65170247103129,45.7631493926634,1.33450526177841e-11,9.62712095846944e-08
"FAGR_UCONN_17551",4.32067193713276,5.21331462090814,41.1545651946896,1.40654356540571e-10,6.76589576147885e-07
"FAGR_UCONN_12369",1.63515158538562,5.29079822132744,40.9298044330111,1.57796225989195e-10,6.76589576147885e-07
"FAGR_UCONN_02457",4.08587998194309,4.9857944915483,40.591960799,1.8757681623174e-10,6.76589576147885e-07
"FAGR_UCONN_22758",2.98061301357186,3.86068374353961,38.259413546207,6.19375630429961e-10,1.9149324848236e-06
"FAGR_UCONN_32299",1.62056257038605,6.47671990290022,35.854225070122,2.12646397282892e-09,5.52714668582254e-06
"FAGR_UCONN_17322",-1.96966096959305,5.74455999787952,35.7026524766393,2.29850846374655e-09,5.52714668582254e-06
"FAGR_UCONN_16335",5.25581266117283,0.469958965329879,35.3836258640734,2.70753530543599e-09,5.56704160433013e-06
"FAGR_UCONN_01726",2.14979471422671,2.87137211829346,35.297765213133,2.82956555067145e-09,5.56704160433013e-06
"FAGR_UCONN_13134",1.52130316235511,8.84050992872222,34.9684350256185,3.35093702874442e-09,5.61000818224036e-06
"FAGR_UCONN_14160",1.95579086805526,6.37129881335766,34.9574812386224,3.3698413441052e-09,5.61000818224036e-06
"FAGR_UCONN_24815",2.98523532899363,7.12164168725903,34.5806022729555,4.08961347406275e-09,6.32195820040472e-06
"FAGR_UCONN_29312",1.55402478429911,5.12468218768098,34.3692305127139,4.55873652829605e-09,6.52435688813297e-06
"FAGR_UCONN_01306",2.12493775553527,3.9347941649986,34.2593686423831,4.82347796923239e-09,6.52435688813297e-06
"FAGR_UCONN_27349",1.55502889607745,7.22095287230425,34.1116645332522,5.20383870646462e-09,6.62479278148867e-06
"FAGR_UCONN_15749",0.704607927008279,6.31571852562458,33.7965114016324,6.11884902058077e-09,7.35689613907827e-06
"FAGR_UCONN_23646",0.855528429417147,6.43805833742228,32.8465905686041,9.97258238099278e-09,1.00798127297924e-05
"FAGR_UCONN_12417",1.65080248472897,4.35564360004095,32.8288664654882,1.00639236718532e-08,1.00798127297924e-05
"FAGR_UCONN_14600",4.22903770860599,1.66301811369571,32.7727287081466,1.03587969320269e-08,1.00798127297924e-05
"FAGR_UCONN_16997",4.72380728140134,3.1106522420652,32.7326728136169,1.05744730510573e-08,1.00798127297924e-05
"FAGR_UCONN_31016",2.16308823941032,3.723228408641,32.6098488685663,1.12642499164635e-08,1.00798127297924e-05
"FAGR_UCONN_11605",4.48900602816313,2.44374790153227,32.5758784112023,1.14628618509936e-08,1.00798127297924e-05
"FAGR_UCONN_23991",1.65449590991167,4.74044480633638,32.5454386389431,1.16438091786715e-08,1.00798127297924e-05
"FAGR_UCONN_32253",5.02483311011093,2.84358207802278,32.2501539042084,1.3554635011904e-08,1.12826696510625e-05
"FAGR_UCONN_06165",2.60299910637391,5.11842215316669,31.8576484405989,1.65895137955964e-08,1.32974169468258e-05
"FAGR_UCONN_31374",1.55852811608009,5.51323408203079,31.3000791352293,2.21070630406994e-08,1.65420913881321e-05
"FAGR_UCONN_21314",1.04930048477034,4.9022836379868,31.2948937447858,2.21661884417259e-08,1.65420913881321e-05
"FAGR_UCONN_11068",2.18389091161803,4.06537888445134,31.0508587097904,2.5135510024298e-08,1.80189621114951e-05
"FAGR_UCONN_25816",3.76765527720384,3.52648450803665,30.9994346045635,2.58103606624318e-08,1.80189621114951e-05
"FAGR_UCONN_03829",2.53456659615728,4.94815209091571,30.5864662620235,3.19313371235793e-08,2.15955624383907e-05
"FAGR_UCONN_31412",-0.943718936513921,5.76293445769693,29.9721891444087,4.38287540324139e-08,2.8743693780894e-05
"FAGR_UCONN_13498",1.13586152541038,7.50546560299895,29.7150768358175,5.0044089691253e-08,3.18545349734734e-05
"FAGR_UCONN_15224",3.44710514491093,1.91312027489495,29.3449434003951,6.05743726273525e-08,3.64114434454633e-05
"FAGR_UCONN_30626",6.7210845999428,2.18416340743577,29.2926220526382,6.22321893493255e-08,3.64114434454633e-05
"FAGR_UCONN_18748",1.27241059291263,5.00786083709886,29.2920547444749,6.22504115831319e-08,3.64114434454633e-05
"FAGR_UCONN_29330",3.86579364106712,1.94856466376755,29.151535572249,6.69326740966133e-08,3.81199192841817e-05
"FAGR_UCONN_21520",4.44281765857449,0.402790919418647,28.9687596520605,7.35550117067358e-08,3.99020663858902e-05
"FAGR_UCONN_01185",2.16545711851571,2.73660814300661,28.9636493671813,7.37493140853715e-08,3.99020663858902e-05
"FAGR_UCONN_26591",0.670995810329695,5.43805900982013,28.7325572575964,8.30949679458545e-08,4.21177805713976e-05
"FAGR_UCONN_11606",3.60116666107071,0.234444565033885,28.6945977873624,8.47397918728772e-08,4.21177805713976e-05
"FAGR_UCONN_19721",-1.02275226993572,4.6440193171574,28.6868569731621,8.50791935071898e-08,4.21177805713976e-05
"FAGR_UCONN_05477",5.18278597180365,-0.230115711319135,28.5937544980499,8.92696486075893e-08,4.21177805713976e-05
"FAGR_UCONN_32817",2.80145709952305,4.88462053819471,28.5901956694764,8.94338688220676e-08,4.21177805713976e-05
"FAGR_UCONN_28413",2.81005457852629,7.64424288078766,28.5883056792516,8.95212044304728e-08,4.21177805713976e-05
"FAGR_UCONN_29009",-3.22844524734784,-0.402572312209182,28.4960179888253,9.38913921199988e-08,4.32339895374684e-05
"FAGR_UCONN_16766",2.34544362365857,2.17108004115199,28.314210039377,1.03136098783584e-07,4.58066411075027e-05
"FAGR_UCONN_08846",3.00897503505722,4.01448490260849,28.3034393452339,1.03711552271862e-07,4.58066411075027e-05
"FAGR_UCONN_11554",3.79604529198303,1.20660771760553,28.1426850005669,1.12692791424183e-07,4.78907503726869e-05
"FAGR_UCONN_03405",1.80135506421332,3.12746191969422,28.1398850558531,1.12855940717449e-07,4.78907503726869e-05
"FAGR_UCONN_10579",3.99255429997373,1.97223285671353,27.996702215931,1.2152237033284e-07,5.05766757450639e-05
"FAGR_UCONN_30876",2.88661776311707,4.30760252719342,27.8685382555873,1.29844004941553e-07,5.30204519800959e-05
"FAGR_UCONN_32500",-0.775458459881087,7.72985415378114,27.7336234872238,1.39221768842245e-07,5.57969911348863e-05
"FAGR_UCONN_32310",2.76598837481612,5.13075198511466,27.5933864478856,1.49689707406196e-07,5.87075426512089e-05
"FAGR_UCONN_30769",1.21218003940875,7.09735695487349,27.5649157453417,1.51909360893989e-07,5.87075426512089e-05
"FAGR_UCONN_33028",1.66761175811468,5.72747315046374,27.5161159214426,1.55790925830536e-07,5.91513546811308e-05
"FAGR_UCONN_32730",2.55615571324819,4.31380457427005,27.3068989427313,1.73590948693519e-07,6.47733674418129e-05
"FAGR_UCONN_26883",1.06610571523404,6.21720503876713,27.1790969067451,1.8545295541934e-07,6.80266586641586e-05
"FAGR_UCONN_14579",2.42489856392248,4.15850452767445,27.0833219105759,1.94871961773786e-07,7.02903166118046e-05
"FAGR_UCONN_22937",1.20393883707441,6.4456395726321,26.9472487108511,2.09084561370441e-07,7.41804602816244e-05
"FAGR_UCONN_15560",1.9069451847408,3.11719689471218,26.7248218122836,2.34588577851013e-07,8.15944374347196e-05
"FAGR_UCONN_24460",1.05834071612928,5.19872001678128,26.7008099920744,2.37521927658596e-07,8.15944374347196e-05
"FAGR_UCONN_10413",-1.08195025725816,2.63598250262679,26.6347308683628,2.45785532352981e-07,8.29207573526143e-05
"FAGR_UCONN_23490",3.88032469247518,1.133668116645,26.5643725069083,2.54901306106331e-07,8.29207573526143e-05
"FAGR_UCONN_03110",3.18837128617966,1.9951011021697,26.5313265148057,2.59299022778047e-07,8.29207573526143e-05
"FAGR_UCONN_03538",3.70761202532605,0.801613649916416,26.5258035085857,2.60041399198222e-07,8.29207573526143e-05
"FAGR_UCONN_10632",1.6861460966632,5.23672049916512,26.5221013161273,2.60540222714064e-07,8.29207573526143e-05
"FAGR_UCONN_28435",1.97225092698004,8.37572557391484,26.2674836393998,2.97251530400912e-07,9.27590507650476e-05
"FAGR_UCONN_10718",4.38053870620879,5.33903054990398,26.2436698075049,3.00939652540919e-07,9.27590507650476e-05
"FAGR_UCONN_31776",0.787340445149197,6.66705798953361,26.2221576863293,3.04310720096034e-07,9.27590507650476e-05
"FAGR_UCONN_10773",2.93063931288873,2.34949758058129,26.1819281046031,3.10716833119459e-07,9.29752964470985e-05
"FAGR_UCONN_09294",5.21987095360769,1.51091100324747,26.1640172192139,3.13612265069688e-07,9.29752964470985e-05
"FAGR_UCONN_28528",5.53968252599201,0.2556521447231,25.7646237867381,3.85693479838201e-07,0.000112799706630518
"FAGR_UCONN_22602",1.01990954964766,5.20544204895084,25.5633517149332,4.28093468984756e-07,0.000123530651410241
"FAGR_UCONN_16008",1.30008216388765,4.45105679058489,25.3299221204672,4.83155315974762e-07,0.000137584833530603
"FAGR_UCONN_28944",1.38445805041275,4.02008104332162,25.2807079209321,4.95641425888466e-07,0.000139307425182834
"FAGR_UCONN_07979",1.03785195871003,3.89158790138915,25.2201240642577,5.11457276185472e-07,0.000141909722707769
"FAGR_UCONN_04388",0.84803288141567,4.36068278647568,25.1133927778831,5.40561222931796e-07,0.000148086404894809
"FAGR_UCONN_11890",1.23618786976658,4.24222630133073,24.9930555182314,5.7537177588705e-07,0.000155652449671844
"FAGR_UCONN_09415",-0.737889349398838,5.70682652051292,24.8834776058714,6.09021624542235e-07,0.000159034550300082
"FAGR_UCONN_06693",3.7358175186652,3.48941343460494,24.8826164136975,6.09293752623375e-07,0.000159034550300082
"FAGR_UCONN_16385",0.928200309220656,6.60557446814336,24.880639081092,6.0991903127746e-07,0.000159034550300082
"FAGR_UCONN_31257",1.61746865020389,4.43486428137378,24.8228119786565,6.28492627924946e-07,0.000161926636351806
"FAGR_UCONN_28866",2.6044616491132,2.60604632586314,24.7250293850413,6.61199023163408e-07,0.000168349050109441
"FAGR_UCONN_15690",1.33456727604183,4.93017537206344,24.5184923067761,7.36000589963372e-07,0.000185215404278922
"FAGR_UCONN_04657",4.17890654524425,1.76096659374961,24.4099691072448,7.78647205779682e-07,0.000193695204913608
"FAGR_UCONN_14513",1.76466358860012,6.27571611233308,24.2701026432094,8.37286351507291e-07,0.000205915354765009
"FAGR_UCONN_20586",2.90391214193982,0.43804077974634,24.245333633118,8.48123129993886e-07,0.000206236862689075
"FAGR_UCONN_02586",1.58045250530519,6.16883092469384,24.0192147481751,9.53790927635259e-07,0.000229354925065359
"FAGR_UCONN_18977",0.74316720632924,5.88321353380609,23.9632912057351,9.81900826613386e-07,0.000233519754830405
"FAGR_UCONN_32334",3.32141933331975,2.97293564423874,23.7496640486592,1.09714524476534e-06,0.000254506451074159
"FAGR_UCONN_23810",0.674881525658141,6.90158254119884,23.7376110537519,1.10403758556495e-06,0.000254506451074159
"FAGR_UCONN_16151",1.97621190045002,2.82453819411934,23.725536445649,1.11098582532002e-06,0.000254506451074159
"FAGR_UCONN_03984",3.57359807360522,5.44879452126442,23.7148277044134,1.11718477275876e-06,0.000254506451074159
"FAGR_UCONN_17273",1.2801355336171,8.27727894407295,23.6170672378938,1.17540358019548e-06,0.000264980044610318
"FAGR_UCONN_32413",1.79657591247635,3.07520398706615,23.3589489148346,1.34416700025627e-06,0.000299623737158402
"FAGR_UCONN_27203",1.2504443928431,5.12130232925481,23.3410038529935,1.35676583686921e-06,0.000299623737158402
"FAGR_UCONN_26451",2.42724885978217,4.79138385357956,23.2802758219906,1.40028687540419e-06,0.000306111197550479
"FAGR_UCONN_32106",2.11871616132444,1.09810147920498,23.2207195063492,1.44432794511035e-06,0.000312581453880783
"FAGR_UCONN_09716",1.13273556150637,3.88879324482622,23.1986793446053,1.46097626034559e-06,0.000313053942835636
"FAGR_UCONN_15037",4.25541528352979,4.37051095481773,23.1743234219364,1.47959778208143e-06,0.000313935835292218
"FAGR_UCONN_12986",2.15598141712205,2.83297021523957,23.050646145543,1.57789470636397e-06,0.000331541720729408
"FAGR_UCONN_31680",0.81543007541576,6.22274285804871,22.9652977556114,1.64952299983836e-06,0.000343259391947133
"FAGR_UCONN_28822",2.80648967819171,3.18716745126643,22.8948491039582,1.71109771148006e-06,0.000352681682589061
"FAGR_UCONN_03324",4.90652260611289,-1.2851249100658,22.8175238799024,1.78134039634782e-06,0.000363695932620373
"FAGR_UCONN_33041",0.887777011914699,3.99928792632977,22.7044500266957,1.88929830213693e-06,0.000382132652849041
"FAGR_UCONN_11376",1.65939229660386,4.72317869835685,22.6844858591593,1.90902989485913e-06,0.000382548379486494
"FAGR_UCONN_31260",1.6022733151923,5.06081755365356,22.4932325469809,2.10885245236246e-06,0.000418713621780076
"FAGR_UCONN_26895",1.29821963788614,3.38690868204453,22.4538045529416,2.15258697236508e-06,0.000423511702326591
"FAGR_UCONN_21861",1.39855401130651,6.67639639421212,22.3296240967171,2.29636650469915e-06,0.000443838638970286
"FAGR_UCONN_29260",0.652257533485954,7.50316758941485,22.3291618631283,2.2969193034226e-06,0.000443838638970286
"FAGR_UCONN_11871",2.56675025976075,3.25512464821983,22.2627055607007,2.37780184870095e-06,0.000453938252879893
"FAGR_UCONN_07404",1.24624047764893,5.44292874544626,22.2519680435682,2.3911357928245e-06,0.000453938252879893
"FAGR_UCONN_07086",3.60914308415985,-0.0760855389694301,22.2345681762575,2.41290255865951e-06,0.00045408727977834
"FAGR_UCONN_17997",1.65146102819108,3.85235660033868,22.1806061105859,2.48168001464966e-06,0.000459717340997105
"FAGR_UCONN_23123",6.53627004193706,0.0369705406603658,22.1778052571722,2.48530306333339e-06,0.000459717340997105
"FAGR_UCONN_18696",0.786670939171366,5.68983967289409,22.0646645094044,2.63617998139325e-06,0.000483493280994176
"FAGR_UCONN_09633",-0.963847914150878,3.13218717608821,21.9881979827765,2.74332194565463e-06,0.000494231410795909
"FAGR_UCONN_30806",1.97575117455421,4.27404650421396,21.9831077550613,2.75060735337062e-06,0.000494231410795909
"FAGR_UCONN_21198",2.80845300247381,0.583413692900803,21.9743147167779,2.76323818068132e-06,0.000494231410795909
"FAGR_UCONN_18381",3.09518649083097,0.840408724893936,21.9362358578045,2.81861197634261e-06,0.000500003281901695
"FAGR_UCONN_09082",1.65032647995693,2.57499911937085,21.9141053775014,2.8513039800241e-06,0.000501690412485216
"FAGR_UCONN_31182",1.85597566657212,4.54121818166879,21.8708661178873,2.91628061000381e-06,0.00050898504001373
"FAGR_UCONN_28315",-2.18559957468056,0.638681918747704,21.8253460970158,2.98629058938213e-06,0.000517034407483265
"FAGR_UCONN_18574",0.614141876715959,5.27736583770055,21.7779077865009,3.06104604063187e-06,0.000525771098502817
"FAGR_UCONN_29256",5.05272192854272,1.43385304868604,21.7402021771595,3.12180136210804e-06,0.000531984449438916
"FAGR_UCONN_00269",3.00541920729033,3.68163850686962,21.7246120941162,3.14727397742845e-06,0.000532135182964895
"FAGR_UCONN_13603",0.83789498060333,4.59032515715952,21.6435410615094,3.28313677967934e-06,0.000546012035371744
"FAGR_UCONN_08089",4.36271936724406,1.50000742085832,21.6421784294474,3.28546993728172e-06,0.000546012035371744
"FAGR_UCONN_17797",0.995642016500092,4.71893223940575,21.6307896785641,3.30503542342198e-06,0.000546012035371744
"FAGR_UCONN_17869",3.99708254408137,1.29446741341956,21.5772634061047,3.3985693577253e-06,0.000557210894241598
"FAGR_UCONN_16847",-0.607065406592849,5.30832701561155,21.5556575330961,3.43707260702958e-06,0.000559286656852137
"FAGR_UCONN_32643",0.702565244567339,6.22559034885743,21.4485870950822,3.63443730184622e-06,0.000586988746914597
"FAGR_UCONN_29067",-2.58144772828236,-0.115933656780735,21.3493736999423,3.82745772670772e-06,0.000613584000899321
"FAGR_UCONN_08793",1.43152830644563,7.51644332261327,21.2798079167089,3.96890245009404e-06,0.000631580785477465
"FAGR_UCONN_28621",2.9224607246923,1.33000273272426,21.255338036813,4.0198931678888e-06,0.000635025751382842
"FAGR_UCONN_31972",2.46841656857705,2.52611121766465,21.2278484344768,4.07796096862574e-06,0.000636681696147864
"FAGR_UCONN_16621",-1.17298949061483,6.27850010616368,21.2225669465313,4.08921337050888e-06,0.000636681696147864
"FAGR_UCONN_05278",0.819170114365412,4.66782543839835,21.1476409923087,4.2522435985753e-06,0.000657336114002619
"FAGR_UCONN_09938",1.28795004771257,5.13468551732004,21.1149838702486,4.32532785980618e-06,0.00066389181235408
"FAGR_UCONN_22507",2.32964287832337,1.77132459494506,21.0733400691086,4.42035526305572e-06,0.000673699497204591
"FAGR_UCONN_19887",1.80775319528353,4.92060215044479,21.0098375675164,4.56931152949924e-06,0.000691531749100857
"FAGR_UCONN_06962",2.68183434428127,0.67499517899437,20.9842250479168,4.63080645441475e-06,0.00069597162004475
"FAGR_UCONN_13268",0.832742811144711,5.17150702700696,20.957747509627,4.69525155823711e-06,0.00069947604785297
"FAGR_UCONN_26204",1.76840388828687,2.02556184013137,20.9481778029254,4.71876457751287e-06,0.00069947604785297
"FAGR_UCONN_10603",3.46995003691162,0.641751697665313,20.9124041087326,4.80771288160569e-06,0.000707402433344643
"FAGR_UCONN_09148",-1.2720294256904,2.76498456716076,20.9005288406165,4.83761020862245e-06,0.000707402433344643
"FAGR_UCONN_20212",1.62002982661053,6.09061285181723,20.8521779100379,4.96127802957325e-06,0.000720617309503519
"FAGR_UCONN_09451",-0.807230979459223,3.86124704142688,20.7664564075268,5.18838046194788e-06,0.000746644170566548
"FAGR_UCONN_24863",0.990244782064606,6.56418651429285,20.7586893488378,5.20946630420242e-06,0.000746644170566548
"FAGR_UCONN_27584",1.92503007214921,1.84862157933017,20.6490715612488,5.51639302135177e-06,0.000785432748474309
"FAGR_UCONN_08606",2.37740520493203,2.62623267883204,20.6260041014049,5.58325806850651e-06,0.000789757327572666
"FAGR_UCONN_25440",3.24262696563505,5.08896903982222,20.5698224252675,5.74953380386663e-06,0.000807363436714362
"FAGR_UCONN_09752",3.90839904777135,3.87597582623918,20.5589316658127,5.78233678452667e-06,0.000807363436714362
"FAGR_UCONN_23481",2.89340024728661,0.707178612181618,20.5199025843286,5.90144293562313e-06,0.000818711718030486
"FAGR_UCONN_25526",1.2194145826548,5.34736998083857,20.4792763518706,6.02803981133286e-06,0.000830948010171119
"FAGR_UCONN_08948",3.32502896487574,0.564564792839516,20.4339276102116,6.17257518818275e-06,0.000845486533054754
"FAGR_UCONN_27004",7.10109634294515,-0.685084549129894,20.3720010037468,6.37558287388119e-06,0.000867801034946771
"FAGR_UCONN_18526",1.33692849612567,3.54507033869924,20.3518941780008,6.44292785017862e-06,0.000869746456998705
"FAGR_UCONN_14255",0.621065165485998,5.82579349132119,20.3437964438945,6.47025134353533e-06,0.000869746456998705
"FAGR_UCONN_21863",0.697577655910789,4.47636472784871,20.2988154357214,6.62415822804499e-06,0.000884938471428085
"FAGR_UCONN_23890",3.0458785315646,0.264802571116888,20.2687039696416,6.72923574923739e-06,0.000893460859417151
"FAGR_UCONN_30992",0.757790656566847,5.96627749086917,20.2435498211047,6.81829572666221e-06,0.000896441887969853
"FAGR_UCONN_12525",2.14265590375256,1.18925650108209,20.2389999928872,6.83453061246769e-06,0.000896441887969853
"FAGR_UCONN_15332",1.96083623638974,5.97778558728921,20.2087999555313,6.94327968838109e-06,0.000905219632626166
"FAGR_UCONN_21781",5.02924619052388,-0.85409468297613,20.1324598279514,7.22598616648374e-06,0.000936435883922401
"FAGR_UCONN_20940",0.986926772866669,7.14282573865597,20.0846928785156,7.40872736160837e-06,0.000954402842618621
"FAGR_UCONN_27862",-0.819716160494503,5.95927179665493,20.0017164675283,7.73726794523923e-06,0.00098522793672239
"FAGR_UCONN_06741",0.968006853168106,5.13417271409187,20.0012734873101,7.73906058787572e-06,0.00098522793672239
"FAGR_UCONN_26689",1.91135631905721,2.77349270332737,19.8611752437324,8.32744851995667e-06,0.00105393357233276
"FAGR_UCONN_13230",2.59686573864647,5.24300299196022,19.7867504182152,8.65807801761763e-06,0.00108940770033303
"FAGR_UCONN_30320",0.798456282573891,3.63367857310198,19.7077084797314,9.02366398225997e-06,0.0011245121151223
"FAGR_UCONN_23307",1.71037561418012,3.92408654471042,19.7040427044006,9.04099011326493e-06,0.0011245121151223
"FAGR_UCONN_32560",1.8223404170772,4.2582623186791,19.6824583772392,9.14368698047468e-06,0.00113078670646533
"FAGR_UCONN_30500",1.27812564476848,5.58343640559547,19.6170410866172,9.46214826893306e-06,0.00116352166384232
"FAGR_UCONN_10906",3.6056340543769,0.340095424495618,19.6009555242007,9.54214643494456e-06,0.00116366742875492
"FAGR_UCONN_02281",1.35054591896437,7.57922292181104,19.5952126618673,9.57087156077883e-06,0.00116366742875492
"FAGR_UCONN_15090",3.46221170666552,0.769437557131421,19.5693517011322,9.70130467974985e-06,0.00117293651329132
"FAGR_UCONN_09429",2.10910539025892,3.43835867097295,19.5370559718501,9.8667015057942e-06,0.00118283221167953
"FAGR_UCONN_12654",2.46965479820158,1.7167801752373,19.5260541080889,9.92368974481035e-06,0.00118283221167953
"FAGR_UCONN_24141",3.02276755688967,5.14379165940465,19.5215501341965,9.94711498593816e-06,0.00118283221167953
"FAGR_UCONN_19342",1.63832677197159,3.4910877941292,19.4890003428713,1.01180656740285e-05,0.00119658566840068
"FAGR_UCONN_20022",1.30547376843751,3.87730775266728,19.4783861928424,1.01744463106302e-05,0.00119671395138401
"FAGR_UCONN_31142",1.84216249405238,6.38640017542105,19.4516317619864,1.03179652051136e-05,0.001201907803371
"FAGR_UCONN_29078",8.65160782750432,0.337958438789518,19.4494651505598,1.03296761587194e-05,0.001201907803371
"FAGR_UCONN_32541",0.875530580609553,6.9822930583861,19.3885807900803,1.06642819834763e-05,0.00123029708960738
"FAGR_UCONN_28785",3.47241819346238,6.70790425371839,19.3802265841999,1.07110360714297e-05,0.00123029708960738
"FAGR_UCONN_01741",2.24850815548697,4.21158895121104,19.3653153492537,1.07949985324456e-05,0.00123029708960738
"FAGR_UCONN_23400",1.75848389456394,2.70186117129725,19.3642441436094,1.08010556799465e-05,0.00123029708960738
"FAGR_UCONN_22241",0.54493911738622,6.32211055418396,19.327898947976,1.10086049757073e-05,0.00124737292609559
"FAGR_UCONN_16119",1.01818380962353,5.1693449968862,19.3103986899452,1.11099639484689e-05,0.00125230124881648
"FAGR_UCONN_28085",1.73990282118887,5.60807391117278,19.2947180437608,1.12015797800803e-05,0.0012553897722999
"FAGR_UCONN_11839",1.90733727330866,3.27282860462337,19.2859092598757,1.12533784227973e-05,0.0012553897722999
"FAGR_UCONN_11754",0.667271637877071,7.74042901974746,19.2412308046337,1.15198303000305e-05,0.00127852393514492
"FAGR_UCONN_09116",3.46930452158008,2.7004565912647,19.1878240390894,1.18466620386572e-05,0.00130808908081948
"FAGR_UCONN_14335",0.695079175702863,5.29479986518834,19.1587101936692,1.20287343006215e-05,0.00131747919765383
"FAGR_UCONN_03277",1.99797304283964,2.51046032408394,19.154791388885,1.20534553708279e-05,0.00131747919765383
"FAGR_UCONN_09248",-0.592851129870977,5.54709790458498,19.1302460750216,1.22094598329219e-05,0.00132782477238239
"FAGR_UCONN_29891",-0.639897080458141,5.03143431702589,19.1047055646276,1.23739426436026e-05,0.00133883247280817
"FAGR_UCONN_29513",0.864464693765075,6.90423346625746,19.0954031845258,1.24344019515037e-05,0.00133883247280817
"FAGR_UCONN_19903",3.06199012874133,5.5625412339549,19.0312077106811,1.28597965224303e-05,0.00137240718232921
"FAGR_UCONN_26368",2.97279326509066,5.08038311929543,19.0242320809691,1.2906892463347e-05,0.00137240718232921
"FAGR_UCONN_23596",1.07745067372889,4.67495013044643,19.0198643770888,1.29364691431087e-05,0.00137240718232921
"FAGR_UCONN_09112",2.65554551309438,0.466199769252822,18.9837516430255,1.31836355020294e-05,0.00139180604651181
"FAGR_UCONN_20306",0.800830517186757,5.60398428888218,18.9734940212951,1.32547027246252e-05,0.00139251590469096
"FAGR_UCONN_11593",1.27503700433704,4.48721800647127,18.9419424320244,1.34757204384001e-05,0.00140889633684954
"FAGR_UCONN_12212",0.580406990552635,5.62097009986505,18.9150551933077,1.36669832490909e-05,0.00142202332440781
"FAGR_UCONN_10496",3.43675147819185,3.02860676447828,18.8765224327849,1.39458500110683e-05,0.00144409610497388
"FAGR_UCONN_18609",1.1359471656313,2.8369048731007,18.8639165354292,1.40383155830651e-05,0.00144674869451759
"FAGR_UCONN_11483",4.04567780319787,0.0739315756099592,18.8408621072167,1.42090179624837e-05,0.00145662390386118
"FAGR_UCONN_22070",1.31947890065868,4.82092738282281,18.8174943758043,1.43841677375006e-05,0.00145662390386118
"FAGR_UCONN_17855",0.693575437863488,5.07652642353588,18.8103863504163,1.44378739057592e-05,0.00145662390386118
"FAGR_UCONN_11322",0.566346469387073,7.26223934167936,18.8011211798788,1.45081812995491e-05,0.00145662390386118
"FAGR_UCONN_32867",-0.687203714901281,5.20669255714603,18.7983505519749,1.45292725175537e-05,0.00145662390386118
"FAGR_UCONN_12514",0.868742497024204,5.33124116718918,18.7887374316068,1.46026908209364e-05,0.00145662390386118
"FAGR_UCONN_15815",0.448538501766364,6.79953873348527,18.7883997993933,1.46052761823249e-05,0.00145662390386118
"FAGR_UCONN_05041",1.43223545155482,4.3139783855242,18.7650870573936,1.47849058221844e-05,0.0014677749165308
"FAGR_UCONN_00794",0.896092512480566,4.98014407737347,18.74001780989,1.49805465719321e-05,0.00148040634205368
"FAGR_UCONN_24267",0.938954905490706,8.36503452473675,18.7111842334779,1.52087815983685e-05,0.00149133694726477
"FAGR_UCONN_00784",1.82074698123778,4.03363631085069,18.7043725608059,1.52632081098237e-05,0.00149133694726477
"FAGR_UCONN_06950",1.12589019378749,6.60997262995438,18.6918686770799,1.53636260941163e-05,0.00149133694726477
"FAGR_UCONN_15258",0.744049765292778,6.08286692201204,18.6914756461423,1.53667932372259e-05,0.00149133694726477
"FAGR_UCONN_21644",4.98314521078371,-0.852001301062525,18.6743532621618,1.55054082082057e-05,0.00149807162697316
"FAGR_UCONN_24746",1.08287441887824,6.22474063557187,18.6599269950518,1.56231710334418e-05,0.00150274074446999
"FAGR_UCONN_32002",4.81487301090488,3.39337140545031,18.6426126300485,1.57656963995874e-05,0.00150973982955695
"FAGR_UCONN_04132",4.87076306338371,-1.2616019470885,18.6112718163474,1.6027012036254e-05,0.00152327309759532
"FAGR_UCONN_10128",0.892914580088188,5.89578455151266,18.5992328896805,1.61285437153704e-05,0.00152327309759532
"FAGR_UCONN_13939",1.32025443430171,5.5925217306212,18.5988482238423,1.61317984686499e-05,0.00152327309759532
"FAGR_UCONN_13195",1.7922743404823,1.97050791030911,18.5866131157475,1.62356676901395e-05,0.00152327309759532
"FAGR_UCONN_00991",2.71183061912721,0.860453376790106,18.5817391775492,1.62772315595462e-05,0.00152327309759532
"FAGR_UCONN_21860",0.646356194721151,7.14072205853505,18.5742938477912,1.63409301149268e-05,0.00152327309759532
"FAGR_UCONN_03316",1.15193512322334,8.61131378502684,18.5674486678782,1.63997149865867e-05,0.00152327309759532
"FAGR_UCONN_14869",0.710732814696829,6.4673874334407,18.4985728686893,1.70031569906786e-05,0.00157257403244559
"FAGR_UCONN_19952",3.88747365928793,-0.994668260675137,18.4533617244973,1.74113419317324e-05,0.0015978531416991
"FAGR_UCONN_20875",1.22809276229194,7.31283289229588,18.4519609420183,1.74241447851856e-05,0.0015978531416991
"FAGR_UCONN_03597",0.792538070284826,6.63390669256312,18.4251548433779,1.76709770113182e-05,0.00161365098936265
"FAGR_UCONN_30631",3.41596898796619,-0.656736877059368,18.3964906216443,1.79388065146473e-05,0.00163122542264704
"FAGR_UCONN_20780",-3.11892993070233,5.90694237554766,18.3271618597222,1.86035743107674e-05,0.00168459646541267
"FAGR_UCONN_05050",4.21925724064564,0.0676293084653778,18.2934051788814,1.89361576472867e-05,0.00169510221901429
"FAGR_UCONN_15685",0.882929181743848,4.09561063941759,18.2927426002932,1.89427450406401e-05,0.00169510221901429
"FAGR_UCONN_22372",1.00647775097158,5.4946119463017,18.2915541038781,1.89545669070076e-05,0.00169510221901429
"FAGR_UCONN_10682",-0.835922171956205,5.25874825325225,18.2693809443867,1.91764853510274e-05,0.00170789092990509
"FAGR_UCONN_03240",-1.01694911766827,3.92361124280527,18.2506654251068,1.93658284160991e-05,0.00171423117064042
"FAGR_UCONN_30777",1.49555618828555,3.77444563235483,18.2467093266093,1.94060917108818e-05,0.00171423117064042
"FAGR_UCONN_02604",-5.32106219806583,0.625264129139253,18.1816776567709,2.00801377195711e-05,0.00175998103487867
"FAGR_UCONN_27831",-1.27637639340153,3.37796587692653,18.1799107503527,2.00987760885403e-05,0.00175998103487867
"FAGR_UCONN_10155",0.836472851368491,6.74831238804932,18.1733651839033,2.01679741544178e-05,0.00175998103487867
"FAGR_UCONN_24617",1.1958031118447,9.10465727611163,18.1143936691507,2.08022987128577e-05,0.0018080455772838
"FAGR_UCONN_24128",0.446824554623682,6.97975571394991,18.0833519489455,2.11442109683148e-05,0.00183010504967072
"FAGR_UCONN_24075",0.587673815024032,6.64638232889448,18.0758193457212,2.12280273807071e-05,0.00183010504967072
"FAGR_UCONN_10900",0.667915400433818,5.25907522028327,18.0685000642146,2.13097898769532e-05,0.00183010504967072
"FAGR_UCONN_12791",1.03244674856629,7.30420461517975,18.0504597985137,2.15126682644877e-05,0.00183967648432147
"FAGR_UCONN_31386",0.618042182804555,5.4592979536116,18.0381552638078,2.16521554537673e-05,0.00183967648432147
"FAGR_UCONN_23242",3.51829778998286,0.0427709206277327,18.0360374791415,2.16762546669428e-05,0.00183967648432147
"FAGR_UCONN_25373",1.59387057248262,5.75870960589861,18.0197959227137,2.18619726270583e-05,0.00184819067029217
"FAGR_UCONN_07477",1.64732675287704,3.84746956744882,17.992580047402,2.21767700696522e-05,0.00186750839629343
"FAGR_UCONN_20910",6.47847239383579,2.88810222605375,17.9525063038868,2.26485996772295e-05,0.00189984881478528
"FAGR_UCONN_13074",-0.777716406673742,3.77736461319371,17.9194426536866,2.30454772391443e-05,0.00192567651895583
"FAGR_UCONN_10114",2.5542209518302,2.61238648561134,17.9064985800982,2.32027472567236e-05,0.00193136098511543
"FAGR_UCONN_28936",0.825563580982628,5.20733593729056,17.8971236010038,2.33173258400445e-05,0.0019334619380469
"FAGR_UCONN_10268",0.88828956640859,4.68794538893346,17.887834236221,2.34314187962075e-05,0.00193550673888367
"FAGR_UCONN_31303",0.804110263625053,6.36256845884555,17.8530417610689,2.38637510407248e-05,0.00195942057063174
"FAGR_UCONN_30338",1.06457987497082,5.55997539979739,17.8492118537457,2.3911828626743e-05,0.00195942057063174
"FAGR_UCONN_21725",0.73040878619848,7.13211091415383,17.8428000355183,2.39925354041868e-05,0.00195942057063174
"FAGR_UCONN_29069",2.78675780973397,1.47094473198747,17.8318799305698,2.41306193773624e-05,0.00196328896452961
"FAGR_UCONN_29276",0.664142520399821,6.77497929697233,17.8086618288762,2.4426870295616e-05,0.00197994879002892
"FAGR_UCONN_31264",1.52461360352459,3.27327135407331,17.7935211395187,2.46220234882275e-05,0.00198832026989634
"FAGR_UCONN_26647",-2.15543233515241,1.25873733396977,17.7530840103466,2.51509447157e-05,0.00201499539456566
"FAGR_UCONN_15391",0.997418941346465,3.66519436713039,17.7494376250123,2.51991973226405e-05,0.00201499539456566
"FAGR_UCONN_26142",0.480261468623673,6.29888266638238,17.7469878302126,2.52316676798491e-05,0.00201499539456566
"FAGR_UCONN_33034",1.26723664994601,6.68154722243511,17.7310525049725,2.54439081439349e-05,0.00202330507430435
"FAGR_UCONN_14565",1.25941377617148,7.31869863384087,17.7251706289171,2.55227005491677e-05,0.00202330507430435
"FAGR_UCONN_27848",-0.503006901004215,6.99736045980038,17.6842146616801,2.60781779761902e-05,0.00205979535679091
"FAGR_UCONN_27742",1.1882774000776,2.66266340822083,17.6538519603241,2.649780836163e-05,0.00207752689297022
"FAGR_UCONN_11765",1.95717829133227,1.58342918928624,17.6519849112479,2.65238324201503e-05,0.00207752689297022
"FAGR_UCONN_25275",1.24970545167797,2.83790179388273,17.6471992850644,2.65906547154954e-05,0.00207752689297022
"FAGR_UCONN_17178",-0.633517535249091,5.72603470753526,17.6274494923743,2.68682179301366e-05,0.00208493678268175
"FAGR_UCONN_25717",-1.00190754655113,3.57453404302952,17.6240472817868,2.69163256641765e-05,0.00208493678268175
"FAGR_UCONN_08888",1.71858338831123,7.99276068251011,17.6199407529459,2.69745078620687e-05,0.00208493678268175
"FAGR_UCONN_19242",-1.07111172840573,2.51733254526246,17.5524708178211,2.79487375350184e-05,0.00215255009869348
"FAGR_UCONN_29840",1.740692289163,3.55051934588741,17.4910395834945,2.88664970428026e-05,0.00221535010283806
"FAGR_UCONN_10829",-0.705669228578153,4.88974538337253,17.4622495671041,2.9306972805218e-05,0.00224120673304074
"FAGR_UCONN_21524",2.17709258984099,1.91882300918397,17.4536964630759,2.94391287215726e-05,0.00224150349404108
"FAGR_UCONN_20525",1.11425637242192,6.96558896829949,17.4437987190134,2.95928086876991e-05,0.00224150349404108
"FAGR_UCONN_24845",1.26996952066907,6.48415442222999,17.4419521441475,2.96215691385153e-05,0.00224150349404108
"FAGR_UCONN_27747",5.28381570626696,-0.245269688758846,17.41713765967,3.00107915557607e-05,0.00226304373118388
"FAGR_UCONN_11541",0.616632594808023,4.88772212275747,17.4032564708169,3.02307596076202e-05,0.00227171562301429
"FAGR_UCONN_12634",-0.476483313189859,6.15642550593538,17.3815403992003,3.05781378866702e-05,0.00227337045028168
"FAGR_UCONN_11315",2.15912601627244,2.53476399777152,17.3801655794379,3.06002645550305e-05,0.00227337045028168
"FAGR_UCONN_26301",-1.50747050115171,1.03133042209336,17.3692122635167,3.07771255280158e-05,0.00227337045028168
"FAGR_UCONN_26694",1.6523723438979,2.31080097669152,17.3677337876736,3.08010767399465e-05,0.00227337045028168
"FAGR_UCONN_27225",1.5395769919094,4.04800511188341,17.3628136239541,3.08809180497988e-05,0.00227337045028168
"FAGR_UCONN_32020",0.885988392240243,6.64005128492669,17.3543336443174,3.10190142890579e-05,0.00227337045028168
"FAGR_UCONN_26190",2.12038125202062,5.8387512367425,17.3529908155407,3.10409390704024e-05,0.00227337045028168
"FAGR_UCONN_10748",0.652074271170614,5.06516651440522,17.3497977270974,3.10931361835033e-05,0.00227337045028168
"FAGR_UCONN_13378",0.932295551606866,6.74058256634073,17.3196305215367,3.15906510868569e-05,0.00230196926202612
"FAGR_UCONN_05818",-2.42262705191458,-0.330109627644837,17.3080266684894,3.17841445532801e-05,0.00230829683363117
"FAGR_UCONN_02723",1.78721044454759,1.74253475731496,17.2715843862742,3.23995959688927e-05,0.00234512393297249
"FAGR_UCONN_26518",1.27311602533826,3.91833010496636,17.2490118496688,3.27868025824532e-05,0.00236523993829818
"FAGR_UCONN_12050",-0.760744192159527,6.40094887000578,17.240605846451,3.29321837402589e-05,0.00236783495184944
"FAGR_UCONN_31730",1.86093233440104,4.13240918684172,17.2140856197332,3.33951092377231e-05,0.00238880920626833
"FAGR_UCONN_20015",-1.15380051603267,4.93790064812843,17.2055789298163,3.35449793809278e-05,0.00238880920626833
"FAGR_UCONN_26192",4.06434990086491,0.199349870686395,17.2009886912382,3.36261304302762e-05,0.00238880920626833
"FAGR_UCONN_13215",3.8477795032867,-0.885218436299925,17.1987708616574,3.36654102167933e-05,0.00238880920626833
"FAGR_UCONN_25324",1.01295173389959,4.80451298824489,17.1349667261692,3.48154050937721e-05,0.00246233659163208
"FAGR_UCONN_00679",2.3045263308689,0.785987879026073,17.0972033236635,3.55145635231286e-05,0.00250360320445456
"FAGR_UCONN_15533",1.79471258733381,6.91597009602359,17.0826417419945,3.57879141815727e-05,0.0025146819438883
"FAGR_UCONN_19696",-1.31021506948567,2.57994881336189,17.0701681523821,3.60237500558265e-05,0.00252253005209227
"FAGR_UCONN_06961",0.589030939387966,6.5858955026541,17.0644323495935,3.61327195337124e-05,0.00252253005209227
"FAGR_UCONN_25613",-1.37643173901603,6.18986496348385,17.0579240124999,3.62567670410852e-05,0.00252305129357931
"FAGR_UCONN_32166",1.57137282038325,3.41559828099419,17.0386632975199,3.66263857741203e-05,0.00254060333629331
"FAGR_UCONN_16024",1.08981484225646,3.54593409928315,17.0311151764107,3.67722673215813e-05,0.00254074121162197
"FAGR_UCONN_09146",10.4472884328523,4.7548082730751,17.0264269110687,3.68631707073884e-05,0.00254074121162197
"FAGR_UCONN_30116",2.65900566276285,2.57889114556053,16.9994437582287,3.73907708208437e-05,0.00255164546458407
"FAGR_UCONN_29792",3.50866418824836,0.823907651459139,16.9959927039392,3.74587943231766e-05,0.00255164546458407
"FAGR_UCONN_14374",-0.9518977176521,6.3921494041219,16.9919387167865,3.75388611066838e-05,0.00255164546458407
"FAGR_UCONN_09441",1.7786618850139,4.0309865089463,16.9874756141751,3.76272069370486e-05,0.00255164546458407
"FAGR_UCONN_29529",0.531480147268131,4.92277237719521,16.9816679120475,3.77424817361023e-05,0.00255164546458407
"FAGR_UCONN_28198",3.66475067678921,4.16512386828776,16.9731815140465,3.79115635847903e-05,0.00255164546458407
"FAGR_UCONN_27073",5.09349728673476,0.934881635375568,16.9711116770841,3.79529181093695e-05,0.00255164546458407
"FAGR_UCONN_02048",1.34750868174457,5.15201605770604,16.9699791497487,3.797556474807e-05,0.00255164546458407
"FAGR_UCONN_16815",3.19874000040195,4.41334275766266,16.9646405732719,3.80825009269317e-05,0.00255164546458407
"FAGR_UCONN_09783",1.18363141220613,4.12040982827927,16.9275132552426,3.88346124586026e-05,0.00259400828033666
"FAGR_UCONN_30920",2.91258752910972,1.81726382477375,16.9190353997339,3.90084373304812e-05,0.00259487976552544
"FAGR_UCONN_27634",5.18243085408455,-0.920887508604337,16.9137959761937,3.91162541571576e-05,0.00259487976552544
"FAGR_UCONN_31621",3.9100098858785,-0.92705382310103,16.9093799409624,3.92073599171435e-05,0.00259487976552544
"FAGR_UCONN_30773",1.60589640812797,1.93504897529271,16.8707172366623,4.00141620317927e-05,0.00264020272771968
"FAGR_UCONN_24616",0.858695996278732,3.6820703137444,16.8545161165765,4.03571850605856e-05,0.00265276613792849
"FAGR_UCONN_11824",4.95457618457442,3.47888304723461,16.8501693905865,4.04497193196748e-05,0.00265276613792849
"FAGR_UCONN_23160",1.82248053579191,6.71827178439579,16.8296945625346,4.08884697322875e-05,0.0026734388578434
"FAGR_UCONN_26285",-0.717334772616698,5.57086393252309,16.8027896464869,4.1472291594944e-05,0.00270344377921017
"FAGR_UCONN_27989",1.09974608719138,4.73270141903798,16.7870464892947,4.18177884504874e-05,0.00270773727721942
"FAGR_UCONN_08511",0.914729690655867,7.45281776563211,16.784840722161,4.186642643067e-05,0.00270773727721942
"FAGR_UCONN_10148",2.46472181688197,2.47783991059743,16.782708310328,4.19135009642595e-05,0.00270773727721942
"FAGR_UCONN_05990",-2.1706065723285,0.696734942171392,16.7611455322691,4.23925147564453e-05,0.00273053215583033
"FAGR_UCONN_08414",0.867421674288697,4.56230926084123,16.753451316418,4.25647696678565e-05,0.00273349182537612
"FAGR_UCONN_32390",0.875950434509314,7.52910666826311,16.7096202756619,4.35595494119257e-05,0.00278909990642869
"FAGR_UCONN_09029",0.632464657605906,7.26384706990188,16.6409207482497,4.51659820887033e-05,0.00288342827245934
"FAGR_UCONN_30763",0.584644703691261,6.32624381496062,16.6245645236402,4.55571456522027e-05,0.00289984631236756
"FAGR_UCONN_18068",0.544862456922323,7.33400144980651,16.6168287966621,4.57433322737186e-05,0.00290315893568275
"FAGR_UCONN_32919",2.97552998251885,3.98416491964235,16.5814289135569,4.66051603265592e-05,0.00294920725084033
"FAGR_UCONN_25068",0.742326734105029,8.81042947203298,16.548885128493,4.74118521023879e-05,0.00298684368257095
"FAGR_UCONN_10973",-1.01391862091501,4.86017652431327,16.5463237175682,4.74759369191575e-05,0.00298684368257095
"FAGR_UCONN_31910",2.0475860442945,2.44801061166884,16.5321877107081,4.78311803941173e-05,0.00300047074228837
"FAGR_UCONN_12900",1.27200293538443,4.0369735159596,16.5217117605237,4.8096168366985e-05,0.00300837362947483
"FAGR_UCONN_20893",-4.49991482244437,0.281173307405731,16.5157180246904,4.82484425773514e-05,0.0030092011361932
"FAGR_UCONN_20408",3.00406783340183,2.46462390936521,16.5022424749349,4.8592568866744e-05,0.00302195510176458
"FAGR_UCONN_21391",1.22380435252797,4.97716269892815,16.4962819172471,4.87455703417574e-05,0.00302278404967425
"FAGR_UCONN_03615",3.10838260231889,-0.605555151359052,16.4721948509156,4.93688107725388e-05,0.00304925270977382
"FAGR_UCONN_31275",2.71180540353467,4.1195842318408,16.4689187243029,4.94541955979396e-05,0.00304925270977382
"FAGR_UCONN_25927",-0.786315364851231,4.0182724705075,16.4535813890589,4.98559075404356e-05,0.00306528849713098
"FAGR_UCONN_27513",0.444085202584529,6.53856698235136,16.4453055964019,5.0074026362427e-05,0.00306997755959106
"FAGR_UCONN_25211",0.950198006648447,4.98880176395507,16.4382109486984,5.02617783675187e-05,0.00307278363680746
"FAGR_UCONN_15750",1.67359869834136,5.05997397837141,16.4293615881477,5.04969593462227e-05,0.00307323180443559
"FAGR_UCONN_20001",-5.12752939688308,6.93814743639315,16.4250288179553,5.06125104220015e-05,0.00307323180443559
"FAGR_UCONN_17828",0.764974408791788,3.74840158978214,16.4219373910357,5.0695118481818e-05,0.00307323180443559
"FAGR_UCONN_29872",1.09090105325134,2.86526677612166,16.4025091850713,5.1217384761159e-05,0.00309621966760056
"FAGR_UCONN_10163",-5.13570598490959,-1.62086703840922,16.38269107052,5.17557073468105e-05,0.00312004740501302
"FAGR_UCONN_11990",1.73587961684722,4.3570574523141,16.3529227073015,5.25750210393083e-05,0.00314734795810325
"FAGR_UCONN_23268",-1.34695695832455,2.45330420581747,16.351297689768,5.26201199045667e-05,0.00314734795810325
"FAGR_UCONN_22616",2.35060658739491,0.377768535850777,16.3504070062154,5.26448554123176e-05,0.00314734795810325
"FAGR_UCONN_15524",1.50848402087458,2.74305801806937,16.3113502648213,5.37410909626604e-05,0.00320041899976194
"FAGR_UCONN_08616",3.05707065005741,4.88473427649964,16.3065685076444,5.38768719750163e-05,0.00320041899976194
"FAGR_UCONN_16611",4.13887212690479,-0.196107040043534,16.303078149014,5.39762006705992e-05,0.00320041899976194
"FAGR_UCONN_16364",1.30629090104709,4.00279634186687,16.2926109882953,5.42751808878553e-05,0.00320935372889334
"FAGR_UCONN_16549",0.628184122836391,6.31466353419332,16.2829401329371,5.45528956854855e-05,0.00321210964574856
"FAGR_UCONN_00426",0.697714021289955,7.89638178384651,16.2785606134474,5.46791305722234e-05,0.00321210964574856
"FAGR_UCONN_19662",1.45441986586897,6.80429993740627,16.2755164494917,5.47670482987348e-05,0.00321210964574856
"FAGR_UCONN_20048",-5.20252723913098,-1.96339056232374,16.2686841688025,5.49648875739913e-05,0.00321500026182789
"FAGR_UCONN_27616",0.716706647161219,5.3959836004002,16.2530853930993,5.5419272040132e-05,0.00322481274204009
"FAGR_UCONN_08776",0.656811912896914,4.76195003266289,16.24947614487,5.55249446192039e-05,0.00322481274204009
"FAGR_UCONN_23435",3.05057961377192,5.3509865535823,16.2445854731777,5.5668458458413e-05,0.00322481274204009
"FAGR_UCONN_09303",0.614013017799976,7.02428617448801,16.2425372154447,5.57286741300709e-05,0.00322481274204009
"FAGR_UCONN_05938",5.10267345102662,2.97309960078156,16.2286720907013,5.61380138088858e-05,0.00323983705293842
"FAGR_UCONN_10454",2.73457765565017,1.96788709817505,16.2053333688422,5.6833882402522e-05,0.00327127362488133
"FAGR_UCONN_19923",4.1818671538089,-1.51755059316689,16.1988510323934,5.70286948403946e-05,0.00327377987728334
"FAGR_UCONN_16400",1.98570884422314,2.61515805658023,16.1627449428097,5.81261369186028e-05,0.00332235130168315
"FAGR_UCONN_23063",0.663526256409109,5.74269251939832,16.1609309844794,5.81818290055407e-05,0.00332235130168315
"FAGR_UCONN_32902",0.775510644556721,4.34980502571432,16.1464422732055,5.86285913821728e-05,0.00333905256498153
"FAGR_UCONN_25376",1.24503182932649,4.88525093005266,16.140386278701,5.88163501217087e-05,0.00334095393525989
"FAGR_UCONN_17682",1.08449786157267,4.40802636016103,16.1325289331804,5.90608591421367e-05,0.00334606050668618
"FAGR_UCONN_12762",3.50306929732442,3.12693358363512,16.1178476998964,5.95204603510399e-05,0.00336288656800412
"FAGR_UCONN_00131",2.10521271747703,3.05040609521925,16.1086030642136,5.98117108180481e-05,0.00336288656800412
"FAGR_UCONN_03300",-0.875451746695639,2.77217605667983,16.1082135180159,5.98240148175578e-05,0.00336288656800412
"FAGR_UCONN_12575",0.56614303914184,5.78741385187543,16.0891344230842,6.04297628565813e-05,0.00338813711850293
"FAGR_UCONN_30591",-0.955437772254201,4.43131699602427,16.0815317072121,6.06728591849093e-05,0.00339297679193748
"FAGR_UCONN_18227",1.61951193479937,8.66441202674248,16.0640404833179,6.12358808407007e-05,0.00341563642565578
"FAGR_UCONN_22152",-1.25728124020161,7.38906714790041,16.047030654594,6.17884464406102e-05,0.00343611913082726
"FAGR_UCONN_32321",0.924528688643451,3.78695201285205,16.0429840138718,6.1920638620397e-05,0.00343611913082726
"FAGR_UCONN_28482",2.08228861424364,0.911178658950514,15.9968795909408,6.34469715105168e-05,0.0035118142133775
"FAGR_UCONN_17919",1.43655759363487,4.05357256006368,15.9890985471314,6.37082778622911e-05,0.00351728201401965
"FAGR_UCONN_00275",1.03426267762564,4.66256847967582,15.9659253087756,6.44929213035315e-05,0.0035427065020903
"FAGR_UCONN_24627",3.86937917701764,0.0166937592884267,15.9658296141769,6.44961815831983e-05,0.0035427065020903
"FAGR_UCONN_23872",-1.34585968428367,1.92286772417533,15.9084212814309,6.64822497080985e-05,0.00363569469203285
"FAGR_UCONN_25237",0.614171196383957,6.08268323285496,15.9051968539912,6.65956075298754e-05,0.00363569469203285
"FAGR_UCONN_23358",2.70840729985086,2.7641817931822,15.9024297991677,6.66930409729712e-05,0.00363569469203285
"FAGR_UCONN_30813",0.676830507518015,5.10823956655656,15.8291191642029,6.93273390933872e-05,0.00376980470517358
"FAGR_UCONN_20161",1.7111653930833,4.17443111173477,15.820938279007,6.96277233244854e-05,0.00377664959445743
"FAGR_UCONN_31486",0.534305230955644,6.90368822395817,15.7982501087224,7.04676513436772e-05,0.00381265227594965
"FAGR_UCONN_24540",0.482591925937782,6.37497040262735,15.7900893039007,7.07722546584397e-05,0.00381958387859839
"FAGR_UCONN_09593",-0.857588462910844,2.57955228666886,15.7786347225635,7.12020342456251e-05,0.00382170118762405
"FAGR_UCONN_24309",0.906012001660165,5.73433752840611,15.7786062049072,7.12031075069544e-05,0.00382170118762405
"FAGR_UCONN_17091",2.58922478878394,1.45315201077942,15.7672744015649,7.16308702519367e-05,0.00382170118762405
"FAGR_UCONN_22199",0.620173538579465,6.28798209866255,15.7653520971081,7.1703691104654e-05,0.00382170118762405
"FAGR_UCONN_21420",4.4027108059719,1.02581679519571,15.7652862063523,7.17061885018222e-05,0.00382170118762405
"FAGR_UCONN_31242",1.25882568946265,2.23631099765475,15.7604933384718,7.18880830568838e-05,0.00382170118762405
"FAGR_UCONN_23737",1.86625236567788,3.36842657724796,15.756300234118,7.20475965507168e-05,0.00382170118762405
"FAGR_UCONN_11943",1.02682509644293,4.09090950840968,15.7277588954885,7.31428634260361e-05,0.00386887845839101
"FAGR_UCONN_14271",0.663804684508828,5.55157362178158,15.7238406334644,7.32945276749059e-05,0.00386887845839101
"FAGR_UCONN_26622",-0.392733587920571,5.50343649649731,15.679287972509,7.50414400375786e-05,0.00395145217832914
"FAGR_UCONN_14266",-0.726980230348205,5.24585868445313,15.6731674959135,7.52846745055944e-05,0.00395463816905358
"FAGR_UCONN_15324",-0.564743536494998,5.70550160929701,15.6464049011244,7.63576003259569e-05,0.00400128616526479
"FAGR_UCONN_16390",2.11207665761406,7.06098112404947,15.634844297757,7.68258157666781e-05,0.00401609735464359
"FAGR_UCONN_26904",0.696373773304126,6.23626739029886,15.6247748878121,7.72359893980673e-05,0.00402781031940475
"FAGR_UCONN_20857",0.902511377046528,6.59054365051332,15.6064469437746,7.79882342651827e-05,0.00405726289895934
"FAGR_UCONN_30004",1.05065822075931,4.36923839100131,15.5955494687756,7.84389955933196e-05,0.00405966756004745
"FAGR_UCONN_09573",0.735817159197098,5.71196169862364,15.5918149392994,7.85940723191034e-05,0.00405966756004745
"FAGR_UCONN_06679",-1.2617388964065,2.04616904016671,15.59173957834,7.85972048636856e-05,0.00405966756004745
"FAGR_UCONN_14712",0.631605181418806,5.22009032450832,15.5748780253877,7.93012601344427e-05,0.00407801449306738
"FAGR_UCONN_30669",0.875505901189791,4.58645890204912,15.5742102863757,7.93292718594108e-05,0.00407801449306738
"FAGR_UCONN_23699",0.70839760838849,5.5801932802903,15.5568366545799,8.00616070370727e-05,0.00410449669719811
"FAGR_UCONN_00778",2.07817250047141,0.972588602083961,15.5527296656932,8.02357169318744e-05,0.00410449669719811
"FAGR_UCONN_25783",1.69663072914343,2.45618315866647,15.5485478454794,8.04133906114037e-05,0.00410449669719811
"FAGR_UCONN_22366",0.81327152096897,5.13976046568743,15.5224712199832,8.15302774762158e-05,0.00415171356503591
"FAGR_UCONN_29677",3.44977963878388,3.69466345494599,15.4994237816213,8.25304083925661e-05,0.004192777226366
"FAGR_UCONN_19076",0.754138666353999,4.75403168931371,15.4815703015446,8.33136274118862e-05,0.0042226546240001
"FAGR_UCONN_16984",0.905629433933323,4.6042678199917,15.3721720646624,8.82788736382828e-05,0.00445613889911292
"FAGR_UCONN_15313",3.95529348614321,-1.12562387237102,15.3710329099247,8.83321129156012e-05,0.00445613889911292
"FAGR_UCONN_13604",0.485705862203736,5.69348811053474,15.3566763672186,8.90058528015935e-05,0.00447968527053974
"FAGR_UCONN_05991",2.8337426034652,3.08406799526292,15.3398598309887,8.98016168529019e-05,0.00450924963324943
"FAGR_UCONN_24557",0.480029206533192,4.69905148780937,15.3331650397195,9.01204053718074e-05,0.00451478197466818
"FAGR_UCONN_20769",0.555702000404436,6.20817235382343,15.3202097796306,9.07405386481805e-05,0.00451669680789368
"FAGR_UCONN_11298",1.48269949822661,1.46380437028127,15.3160155403612,9.09422242189702e-05,0.00451669680789368
"FAGR_UCONN_15238",0.599755906592936,5.18994613100058,15.3160050156375,9.09427308812486e-05,0.00451669680789368
"FAGR_UCONN_24925",1.7856274583195,4.26937484608241,15.3149521619239,9.09934298235673e-05,0.00451669680789368
"FAGR_UCONN_27038",0.889190213965952,3.29111755930227,15.3052507713686,9.1461929413001e-05,0.00452956310378985
"FAGR_UCONN_05099",-0.67183364985047,7.09052197614002,15.287459178142,9.23274378144662e-05,0.00456198723557232
"FAGR_UCONN_18387",3.6373398655053,0.126643849011554,15.2767956568296,9.28501318960893e-05,0.00457736344987509
"FAGR_UCONN_14677",-1.08220001826184,4.9632534925468,15.2685133451011,9.32581598736037e-05,0.00458702976360121
"FAGR_UCONN_04529",1.18434612288824,3.48705482502217,15.2594025112141,9.37090894209465e-05,0.00459875762641298
"FAGR_UCONN_14392",2.83350090501564,6.06976831864998,15.2479424175968,9.42794096977902e-05,0.00461627824588139
"FAGR_UCONN_26465",0.725831153711825,5.89515185278004,15.2413869032576,9.46072189838277e-05,0.0046218723098149
"FAGR_UCONN_11514",0.500189811951306,5.74121081362029,15.2268270166053,9.53393964559416e-05,0.00464715139211596
"FAGR_UCONN_25565",3.1849967179308,1.4803485683477,15.2128208964098,9.60491071280886e-05,0.00467122421677774
"FAGR_UCONN_16741",-3.52057025755319,-1.24406181383406,15.1957868005281,9.69194186924868e-05,0.00470298219583587
"FAGR_UCONN_01832",1.79981787594115,2.4838109644742,15.1744952169263,9.801842324003e-05,0.00474567050505756
"FAGR_UCONN_22784",0.475468096679176,5.49147081737661,15.1637115466152,9.85798180162185e-05,0.00475585535942232
"FAGR_UCONN_14196",1.33508854323248,2.58375529428341,15.1591211228466,9.88197749709607e-05,0.00475585535942232
"FAGR_UCONN_32703",5.24754537810031,2.10462687706134,15.1568933863103,9.89364380435022e-05,0.00475585535942232
"FAGR_UCONN_17298",0.591987749512849,4.99229081880122,15.1536261491254,9.91077888873239e-05,0.00475585535942232
"FAGR_UCONN_21136",2.08293973970888,2.30139800220542,15.1178586246544,0.000101003268047962,0.00483609010419027
"FAGR_UCONN_23445",0.685024243479602,5.00906115519436,15.1016585678799,0.000101873744062469,0.00486700125607056
"FAGR_UCONN_25083",0.620276003961774,5.55645566922896,15.0947236724206,0.000102248680138026,0.0048691170751677
"FAGR_UCONN_20376",0.964253478250477,6.82758787380517,15.0914162046218,0.000102427987640022,0.0048691170751677
"FAGR_UCONN_32575",-0.717206396674942,4.69702045232245,15.0851309512846,0.000102769602146663,0.0048691170751677
"FAGR_UCONN_31181",0.928280995442386,4.50779916543391,15.0842427495502,0.000102817969843436,0.0048691170751677
"FAGR_UCONN_14297",2.21637961257128,1.99662268281407,15.079065092328,0.000103100379457169,0.00486994913896388
"FAGR_UCONN_24633",0.770002816712995,3.58205779585868,15.0743559118388,0.000103357914380724,0.00486994913896388
"FAGR_UCONN_22584",7.7102397922036,0.98672311929932,15.0686411607505,0.000103671311508637,0.00486994913896388
"FAGR_UCONN_26504",0.472925080096888,5.10493851978053,15.0647155897807,0.000103887143879184,0.00486994913896388
"FAGR_UCONN_17800",2.98283822569694,0.210084685864657,15.0633804334944,0.000103960655309182,0.00486994913896388
"FAGR_UCONN_12436",1.69680555839289,4.280070486802,15.0452205626472,0.000104965720942477,0.00488662553673754
"FAGR_UCONN_30454",0.76087465855104,5.11342193902122,15.0448186664418,0.000104988074316958,0.00488662553673754
"FAGR_UCONN_28376",0.476955977411909,6.31702948985829,15.0333351439756,0.000105628813417895,0.00488662553673754
"FAGR_UCONN_24670",-0.598233389714672,5.70316413310302,15.0332057399678,0.000105636056073911,0.00488662553673754
"FAGR_UCONN_12383",2.4069195852044,1.05893977474237,15.0274716657142,0.000105957490645688,0.00488662553673754
"FAGR_UCONN_05870",6.00298202678481,0.246967188783548,15.0258753779915,0.000106047148663086,0.00488662553673754
"FAGR_UCONN_04157",6.1905369976976,-1.48923161191313,15.0257963948271,0.000106051586859001,0.00488662553673754
"FAGR_UCONN_09911",-0.526219843913937,5.61161553430107,15.0245259374084,0.000106123001675753,0.00488662553673754
"FAGR_UCONN_22047",-0.998112421582508,4.55401727265873,14.9924517522896,0.000107942076680822,0.00495983529411117
"FAGR_UCONN_10833",-1.14332843646798,4.96032014579933,14.95646834546,0.000110020245349729,0.0050446147242772
"FAGR_UCONN_09078",0.472094468768053,7.15597544848282,14.9385863416557,0.000111067925964775,0.00507679592393781
"FAGR_UCONN_32872",2.74761823961544,1.63509546764984,14.9364924175214,0.000111191260879148,0.00507679592393781
"FAGR_UCONN_26241",0.42305699128693,6.21970102675684,14.9194491005551,0.000112200275927719,0.0051120807823741
"FAGR_UCONN_10421",1.05707463310527,3.8858016936236,14.9040767891127,0.000113118265590224,0.00513349448214475
"FAGR_UCONN_30693",2.7521322067059,8.30340536930181,14.9001584518517,0.000113353463923892,0.00513349448214475
"FAGR_UCONN_15544",-0.650339703369356,5.53322662858895,14.8996858209998,0.000113381866854505,0.00513349448214475
"FAGR_UCONN_18796",1.9197681084412,5.82900089008502,14.8921759474698,0.000113834137983113,0.00514321172073181
"FAGR_UCONN_00286",-1.19892951611576,2.43071561422027,14.8712192493105,0.000115105851809397,0.00518983509345617
"FAGR_UCONN_22266",-0.821846093252115,4.0690031469518,14.8507210694932,0.000116363575663444,0.00522753666295615
"FAGR_UCONN_22098",0.59747718612154,6.22212974960859,14.848157974686,0.000116521811525663,0.00522753666295615
"FAGR_UCONN_14483",3.53255370581671,-1.48239996650796,14.842324451619,0.0001168827592949,0.00522753666295615
"FAGR_UCONN_23862",-0.631276365790113,6.77593180293542,14.8419136131973,0.000116908222200849,0.00522753666295615
"FAGR_UCONN_31085",-1.90894852742726,7.2339737156639,14.8198052740542,0.000118286717707432,0.00526619739291668
"FAGR_UCONN_15285",0.685982099033229,4.30268967754731,14.8165460643445,0.000118491314628812,0.00526619739291668
"FAGR_UCONN_27498",-1.53771161922399,0.433721418128366,14.8163628796654,0.000118502824616506,0.00526619739291668
"FAGR_UCONN_26637",-2.76997189650815,0.0926786978532765,14.7989894281846,0.000119599576185904,0.00530404513896585
"FAGR_UCONN_17677",4.09289604405773,-1.13806597003044,14.788467869064,0.0001202687432503,0.00532281419513905
"FAGR_UCONN_30612",0.729356865940286,4.6752182335297,14.7779452078636,0.000120941749960616,0.00534167622989316
"FAGR_UCONN_30148",-2.53338185594421,-1.16933782726414,14.7529571259427,0.000122555164216564,0.00540191214658836
"FAGR_UCONN_23311",1.32632198021068,5.0762340625294,14.7456299138167,0.000123032358361871,0.00540653136033454
"FAGR_UCONN_22454",0.707379387164403,4.55809919261157,14.7436810496822,0.000123159595261294,0.00540653136033454
"FAGR_UCONN_20056",0.586705534501726,6.51704410471019,14.728853913809,0.000124131972765426,0.00543818654775172
"FAGR_UCONN_24480",1.10487064464224,3.94585663535376,14.720490952972,0.000124683828650979,0.0054513281205343
"FAGR_UCONN_32773",2.40364207112742,1.87075502225142,14.7119134109811,0.000125252410154097,0.00546514649305438
"FAGR_UCONN_12068",4.2796214101385,0.316250734153174,14.7028644319417,0.000125855071531141,0.00547126041435403
"FAGR_UCONN_29120",0.671354408428793,4.77446106421928,14.7022193313712,0.000125898146490542,0.00547126041435403
"FAGR_UCONN_16845",1.00288159535277,3.98154452655948,14.6962769004735,0.000126295635986921,0.00547442015001877
"FAGR_UCONN_25745",0.947455613309162,3.57010973754835,14.693575330745,0.000126476761621356,0.00547442015001877
"FAGR_UCONN_10660",-0.447490434275651,5.45345200845389,14.6785819543741,0.000127486749812632,0.0055071222344211
"FAGR_UCONN_31788",0.739387698208714,4.09474703486018,14.6572340879017,0.000128938818193853,0.00555875279552067
"FAGR_UCONN_06144",3.97934766395476,-1.1419246943623,14.6511840961109,0.000129353354694607,0.00556553738031947
"FAGR_UCONN_25370",-0.524990682022353,7.30839732766249,14.6433518889377,0.000129891999413119,0.0055690919631575
"FAGR_UCONN_04924",2.24766726443792,2.03736801914372,14.6425014025215,0.000129950625699775,0.0055690919631575
"FAGR_UCONN_19124",-0.595313938521653,8.15474194646603,14.6330093421233,0.000130606749199179,0.00558614874736882
"FAGR_UCONN_18125",0.713824062878449,5.21728265527904,14.6143710193372,0.000131904813598348,0.00562015902300316
"FAGR_UCONN_13720",3.68119113001716,4.15081837278653,14.6122941280847,0.000132050260462365,0.00562015902300316
"FAGR_UCONN_30281",1.43844572798366,2.76752625876732,14.6100940170269,0.000132204512660062,0.00562015902300316
"FAGR_UCONN_11010",3.06431009851578,0.189370563790225,14.6063062299689,0.000132470503688947,0.00562015902300316
"FAGR_UCONN_11688",-1.00768950416145,2.51871875709912,14.5964053656952,0.000133168322971179,0.00562015902300316
"FAGR_UCONN_26477",1.27979110491723,3.10306663373746,14.5958591396531,0.000133206928875245,0.00562015902300316
"FAGR_UCONN_11970",2.5113664658994,0.403440823189448,14.595677935625,0.000133219738416072,0.00562015902300316
"FAGR_UCONN_08361",4.19767000133466,-0.975234357302535,14.5736636084627,0.000134785222558747,0.00567513966267781
"FAGR_UCONN_23088",4.44170327171744,-0.929589216585956,14.5493722234384,0.000136534137360654,0.00573761514710537
"FAGR_UCONN_29374",1.09507318727482,9.69301649167652,14.5442332550333,0.00013690704758999,0.00574213628671039
"FAGR_UCONN_31944",1.63797191846256,3.13863594020037,14.526361817574,0.000138211894303903,0.00578565148264038
"FAGR_UCONN_30622",0.906503130726096,5.97871493411478,14.5029695661661,0.000139938772927149,0.00584269662813076
"FAGR_UCONN_11231",-5.43827992483553,-2.04049894414445,14.4988158233395,0.000140247676940371,0.00584269662813076
"FAGR_UCONN_15771",0.856563526884567,4.39587966944184,14.4938703810757,0.000140616353215557,0.00584269662813076
"FAGR_UCONN_05261",3.52810802089193,-0.711663085612393,14.4879003880353,0.000141062708659053,0.00584269662813076
"FAGR_UCONN_30407",3.90490990467103,1.1131124450297,14.4858778402395,0.000141214250762641,0.00584269662813076
"FAGR_UCONN_19778",0.881430790858859,4.64446713557153,14.4855243615939,0.000141240752446053,0.00584269662813076
"FAGR_UCONN_27821",1.22874650751498,6.1219370077266,14.4825437138541,0.000141464422564482,0.00584269662813076
"FAGR_UCONN_21657",-1.0604561431168,4.14688801538658,14.4788135751191,0.000141744837570472,0.00584312718990506
"FAGR_UCONN_29060",1.12356883563002,4.26657327637312,14.4694783343696,0.00014244907436121,0.00586099404434467
"FAGR_UCONN_12221",1.195324964976,2.93390836092282,14.4607287708626,0.000143112326642904,0.00586783807024915
"FAGR_UCONN_14492",0.638475698707633,4.42410375183622,14.4601319715013,0.000143157679562497,0.00586783807024915
"FAGR_UCONN_23914",-0.872129114130497,2.69821926781918,14.4327214525813,0.000145256374525329,0.00594260577973001
"FAGR_UCONN_19565",1.72749709049345,0.61441289316127,14.4267691435735,0.000145716193626211,0.00594929501430956
"FAGR_UCONN_20071",0.647047574709701,7.2142743978461,14.4212594914788,0.000146143123372802,0.00594929501430956
"FAGR_UCONN_31183",1.90179067228243,3.03106820215277,14.4199526980703,0.000146244568321444,0.00594929501430956
"FAGR_UCONN_00265",-0.772512112230362,6.77412856285666,14.4107839565546,0.000146958324535584,0.0059671145583473
"FAGR_UCONN_07068",1.82986427727955,4.82917289872464,14.403434931631,0.000147532953581132,0.0059792288041252
"FAGR_UCONN_09631",1.30740128289324,3.77660455747703,14.3951991541008,0.000148179607794944,0.0059942113493424
"FAGR_UCONN_22901",0.511138982026549,5.94918196853804,14.3786325518582,0.000149489036955016,0.00603589876451578
"FAGR_UCONN_09371",6.10986801038908,-1.08361276591669,14.3580293869149,0.000151133785958952,0.00609094487099373
"FAGR_UCONN_13063",-0.739197724649855,4.00027553003783,14.3479530015244,0.000151944806248021,0.00611224813535253
"FAGR_UCONN_32161",1.73357159749292,3.50147973568153,14.3426486394887,0.000152373498907447,0.00611812108229122
"FAGR_UCONN_15579",-1.82897602613143,0.840300769134812,14.323917888886,0.000153897065083285,0.0061678523750601
"FAGR_UCONN_19084",-1.18669046759728,3.74599975502622,14.30164575921,0.000155728667862532,0.00622972242122166
"FAGR_UCONN_18461",0.441873787139329,6.35826790539826,14.2973073629447,0.000156087992858431,0.00623257627572355
"FAGR_UCONN_29177",1.66204249923877,2.01149553270555,14.2879209479999,0.000156868276874349,0.00623368973533091
"FAGR_UCONN_16643",0.627055713373684,5.2832696728826,14.2844254178153,0.000157159859834541,0.00623368973533091
"FAGR_UCONN_14327",1.77978912397994,1.43961473220445,14.2815440168736,0.000157400624967309,0.00623368973533091
"FAGR_UCONN_26593",0.527641465045643,6.68781352581201,14.2814966850347,0.000157404583037404,0.00623368973533091
"FAGR_UCONN_24576",-0.807789646648309,3.63910293469048,14.2796861571164,0.000157556061603642,0.00623368973533091
"FAGR_UCONN_30918",0.493557021756956,6.07713314393955,14.2745568104403,0.000157986008075513,0.00623929413644208
"FAGR_UCONN_05383",5.85030412612057,-1.84795100132939,14.2591135185367,0.000159287625870666,0.00627336058012
"FAGR_UCONN_26127",0.938739117077789,3.56879654050717,14.2552929839888,0.000159611297588778,0.00627336058012
"FAGR_UCONN_29383",0.849328109949781,2.25956511487914,14.254032635084,0.00015971821826292,0.00627336058012
"FAGR_UCONN_16414",1.3527084716421,3.96614183194079,14.2412429004008,0.000160807313332849,0.00630469542599551
"FAGR_UCONN_00530",1.80885377279732,1.40466370020901,14.2335598826003,0.000161465144458694,0.00631903916161856
"FAGR_UCONN_26916",-0.747822720507017,5.91245172741933,14.2293170197509,0.000161829585399786,0.006321869832531
"FAGR_UCONN_09592",4.70793078134872,-1.44408014507004,14.1966878930226,0.000164660090212049,0.00642085346372823
"FAGR_UCONN_17739",0.807576655206327,3.5199566020275,14.191670371734,0.000165099750706727,0.00642641871366003
"FAGR_UCONN_28996",1.26683746322268,2.538515699309,14.1810125312512,0.000166037571301841,0.00645131978117495
"FAGR_UCONN_15440",0.85411511648947,7.67331799913993,14.1698829988111,0.000167022624916197,0.00647303341342418
"FAGR_UCONN_28692",1.26258052009548,3.59587257162817,14.1679466597355,0.000167194606695505,0.00647303341342418
"FAGR_UCONN_24588",-0.931625170576746,2.48953504953073,14.1627488664213,0.00016765714681568,0.0064793499489017
"FAGR_UCONN_32561",0.782569016988079,7.61811828705448,14.1567657538349,0.000168191166530967,0.00648840147248339
"FAGR_UCONN_13507",-0.915968160833877,5.04092554999239,14.1506493700336,0.000168738852147566,0.00649794704302067
"FAGR_UCONN_17421",2.26323655045776,5.78704798250193,14.1467883852482,0.000169085504704519,0.00649973089309984
"FAGR_UCONN_23006",1.386653066234,2.25303540583444,14.1299001398415,0.000170610239687627,0.00654671419737523
"FAGR_UCONN_29993",0.685906505871531,4.58263149966868,14.1174463514317,0.000171743479574316,0.00657853519459706
"FAGR_UCONN_14261",1.36762212880486,5.64633954495719,14.1030551645505,0.000173062460075819,0.00661734586742204
"FAGR_UCONN_13515",0.733229938915113,4.73677795294831,14.0810517192672,0.000175098871959121,0.0066834035043021
"FAGR_UCONN_13862",-0.764083403770782,5.42563501831099,14.074750051358,0.000175686522985555,0.00669402769446017
"FAGR_UCONN_32069",-0.755365566488339,4.04891560606067,14.0617019976761,0.000176909619017135,0.00672878378693995
"FAGR_UCONN_26428",0.572529881408,6.04945100224409,14.0526231621124,0.000177765705705171,0.00674772323440064
"FAGR_UCONN_19109",1.36184892458143,6.44781564681389,14.0498171452413,0.000178031141615505,0.00674772323440064
"FAGR_UCONN_20738",3.16784057466565,-0.341750086098392,14.0420763441741,0.000178765456269821,0.00676357170211995
"FAGR_UCONN_29846",0.749541839631079,4.38435257642248,14.0386604708298,0.000179090465258925,0.00676357170211995
"FAGR_UCONN_32619",1.34043721639729,6.74818963025515,14.0355509043311,0.000179386847658112,0.00676357170211995
"FAGR_UCONN_32140",0.569230566121333,5.65803560699215,14.0256254636192,0.000180336181426762,0.0067850581961042
"FAGR_UCONN_23780",0.787555203316031,3.42687598559367,14.0213799910512,0.000180743789729653,0.0067850581961042
"FAGR_UCONN_29538",-0.507617271970489,9.27028958362006,14.0197839718107,0.000180897263614829,0.0067850581961042
"FAGR_UCONN_22257",0.810838916638501,6.72001577371158,14.0125588355366,0.000181593679603215,0.00679889820014143
"FAGR_UCONN_20907",3.86456568247298,0.183620220207065,14.0094459134872,0.000181894559554657,0.00679889820014143
"FAGR_UCONN_32997",0.406105079267692,5.99288893850681,13.9959525571382,0.000183204578644925,0.00683605774316113
"FAGR_UCONN_29088",1.60972653188689,3.46714749734313,13.9841335849965,0.000184359843940704,0.00686732485811484
"FAGR_UCONN_14964",1.65425710562928,2.93626800440443,13.9758083425037,0.0001851780111377,0.00688594934199675
"FAGR_UCONN_17038",5.60362223556543,-0.999044005291558,13.9708439983205,0.000185667624154964,0.00689231341674397
"FAGR_UCONN_09133",1.67757339844507,2.21922757182936,13.9596377093733,0.000186777654380539,0.00692164725360208
"FAGR_UCONN_30647",5.86465216942007,-1.33716923016222,13.9418819353868,0.00018855014273789,0.00696529694775903
"FAGR_UCONN_13795",1.5417319485153,0.60977457917169,13.9413928447506,0.000188599205775196,0.00696529694775903
"FAGR_UCONN_29054",3.25643283708152,-0.197435769153363,13.9280168499004,0.000189946013189535,0.00698443350485555
"FAGR_UCONN_15311",2.23356934894655,0.802933938946034,13.9268975778851,0.000190059149208801,0.00698443350485555
"FAGR_UCONN_17534",1.81081279211584,3.76628581888968,13.9266365507803,0.000190085543589313,0.00698443350485555
"FAGR_UCONN_20743",-0.562167898157044,4.85141213258246,13.9175534129863,0.000191006310261512,0.0070063704519994
"FAGR_UCONN_26471",0.95070093889368,4.76103068208765,13.890340638784,0.000193791879646788,0.00709652091254786
"FAGR_UCONN_30738",-0.507068460674703,7.18099244224481,13.8776686367365,0.000195102948400621,0.00713246285352404
"FAGR_UCONN_20205",-0.90710381299462,2.85215520741854,13.8511272761257,0.000197877997510847,0.0072217126848731
"FAGR_UCONN_17998",-0.897246087306763,2.24958244120557,13.8445798521449,0.000198568660731973,0.00723471878040632
"FAGR_UCONN_03842",2.21544679442801,1.76438205228029,13.8211833080491,0.000201056579821997,0.00729493462587215
"FAGR_UCONN_23631",0.931767197299495,4.41126512026531,13.8193314540233,0.000201254836583939,0.00729493462587215
"FAGR_UCONN_12527",-0.838360706497729,6.76747485645391,13.8183087043771,0.000201364415064633,0.00729493462587215
"FAGR_UCONN_26437",-0.669426138523828,5.25097901522412,13.8163944208241,0.000201569674996375,0.00729493462587215
"FAGR_UCONN_18210",-1.77744973899389,0.731298175354483,13.7960522937269,0.000203763933774122,0.00736203514981561
"FAGR_UCONN_03338",4.05201193192254,3.40867907003964,13.7903664208586,0.000204381548099405,0.00737204243994553
"FAGR_UCONN_19941",0.581439729594637,6.84363108629674,13.7796325290165,0.000205552637111965,0.00739448095006818
"FAGR_UCONN_08048",0.940849537810494,4.46161430006008,13.7784051566217,0.000205686975877509,0.00739448095006818
"FAGR_UCONN_15054",-1.3102672875056,0.854186457740443,13.7695594868472,0.000206657774564749,0.00741706062542337
"FAGR_UCONN_25189",1.78080342315376,2.79038348577905,13.7563830323308,0.000208112436944297,0.00745690291448423
"FAGR_UCONN_19296",0.924713172224236,6.22138876991107,13.7301638645878,0.000211037758254951,0.00754922175893166
"FAGR_UCONN_21999",1.1691794698524,3.4850767075283,13.7149676420461,0.000212752157520761,0.00759799041759786
"FAGR_UCONN_10199",-0.809018882801395,6.53284132904906,13.7030128625469,0.000214110721963713,0.007629234489303
"FAGR_UCONN_25674",2.79008768521273,0.298701236328023,13.7010723748841,0.000214332065867121,0.007629234489303
"FAGR_UCONN_22685",0.547939539328369,5.33328758809856,13.6967370115656,0.000214827417253777,0.00763431028605293
"FAGR_UCONN_13494",-1.70324896770247,0.353815299395661,13.6909883478027,0.000215486029291314,0.00763971719708629
"FAGR_UCONN_33011",1.27339542685099,2.59720579084663,13.6892501192914,0.000215685574689018,0.00763971719708629
"FAGR_UCONN_16222",-0.497918396214833,5.65205220070524,13.6845055703993,0.000216231188247103,0.00764652839222843
"FAGR_UCONN_06773",1.99880590108342,2.84226146956335,13.6497657763412,0.00022026879572132,0.007776602409463
"FAGR_UCONN_23420",1.25607283393902,2.54902434863732,13.6454426479611,0.000220776534678645,0.00778183349106715
"FAGR_UCONN_23702",0.588123727625086,5.25902836571436,13.6344247034712,0.000222075899757396,0.00781274315889632
"FAGR_UCONN_05622",7.64169932413591,-0.713308778756445,13.631516345963,0.000222420170976874,0.00781274315889632
"FAGR_UCONN_23969",-1.36013996349265,4.05550408678442,13.6288483494608,0.000222736462851817,0.00781274315889632
"FAGR_UCONN_02057",2.45911884003304,0.0273053883533448,13.6179175213037,0.00022403705540284,0.00784564717318489
"FAGR_UCONN_23105",2.57285909668315,-0.198162584427555,13.6118705891645,0.000224759827769375,0.00785824263745527
"FAGR_UCONN_14231",0.721578160488917,4.28200503010648,13.5727047688801,0.000229498441617208,0.00801097624754775
"FAGR_UCONN_13008",3.10101787112037,3.40061654614251,13.5678334129536,0.000230094816482451,0.00801885993287149
"FAGR_UCONN_29698",-0.767111173404549,6.63705503592612,13.5638217344519,0.000230587117911519,0.00802309711550014
"FAGR_UCONN_14716",1.84044512714698,4.04259237322567,13.547871111363,0.000232555054447498,0.00807858184326284
"FAGR_UCONN_14765",2.83375512056619,0.510441667893172,13.5414919799531,0.000233346821092756,0.00808890625346935
"FAGR_UCONN_23565",-1.28821421025934,4.06308896486064,13.5394585403396,0.00023359977859802,0.00808890625346935
"FAGR_UCONN_12269",-2.18952709306165,4.96399149204379,13.5343134994501,0.000234241050482573,0.00809815465582084
"FAGR_UCONN_29622",-1.69605308542505,1.36408490195011,13.5281235071969,0.000235014915393133,0.00811195023754095
"FAGR_UCONN_19245",-1.56036280507616,1.33803226393733,13.5231679943846,0.000235636303786911,0.0081204472715865
"FAGR_UCONN_02559",2.90990097411083,-0.191834405160008,13.5184072523968,0.000236234828527189,0.00812607433534815
"FAGR_UCONN_10188",6.57424289201972,0.431727839965085,13.5132982753986,0.000236878838048003,0.00812607433534815
"FAGR_UCONN_10225",1.03936440823571,3.86461017810227,13.5129245348716,0.000236926019111204,0.00812607433534815
"FAGR_UCONN_22408",4.46751784960439,0.461417364273063,13.4948892174215,0.00023921409135638,0.00818187394449058
"FAGR_UCONN_14016",-0.790241557342104,5.64144046861632,13.4941445768449,0.000239309038298796,0.00818187394449058
"FAGR_UCONN_32613",-1.1452687251937,2.03896484271142,13.4902590720426,0.000239805084102869,0.00818590162484903
"FAGR_UCONN_09844",1.09113801756601,4.66418365499517,13.4841518482132,0.000240586862488398,0.00819086731439445
"FAGR_UCONN_27397",0.616917107733015,6.19126063445705,13.4832112510846,0.00024070749523865,0.00819086731439445
"FAGR_UCONN_08865",0.781545016580571,5.21993852648947,13.4729537348391,0.000242026998147681,0.00822283876595307
"FAGR_UCONN_31607",1.01516676603376,3.04155000881061,13.4580462450442,0.000243957669466942,0.00827544182226264
"FAGR_UCONN_29594",0.655103969183751,5.2664162544444,13.4503156087811,0.000244964969205209,0.00829660698519426
"FAGR_UCONN_29167",3.18763400251679,-0.9192451143819,13.4470159789579,0.000245396185408274,0.00829822538219668
"FAGR_UCONN_25609",3.201850607249,1.54607747400548,13.418207476404,0.000249193707596893,0.00839401370585327
"FAGR_UCONN_22871",0.874290627481926,4.90766301216113,13.4160114078616,0.000249485610358773,0.00839401370585327
"FAGR_UCONN_32011",1.94009320166409,3.41938054756338,13.4147812475873,0.000249649274569112,0.00839401370585327
"FAGR_UCONN_26232",1.74098661149905,4.23739810267182,13.4137971458626,0.000249780280314643,0.00839401370585327
"FAGR_UCONN_14083",-0.589993970048683,8.66559023283663,13.4014514442616,0.000251429665563501,0.00842566756419699
"FAGR_UCONN_32230",0.879546459135335,4.3172070738997,13.4009205169186,0.00025150084310467,0.00842566756419699
"FAGR_UCONN_10516",0.669573444297935,3.2677731212176,13.3979432955897,0.000251900353765134,0.00842600843305258
"FAGR_UCONN_10925",1.55578983170803,2.24304550826721,13.3918201781796,0.00025272402101242,0.00843421004222565
"FAGR_UCONN_07105",0.767492894399604,4.55761145641343,13.3903293415665,0.00025292497539065,0.00843421004222565
"FAGR_UCONN_18992",0.716040773430969,4.09594993875898,13.3785675447806,0.000254516041322325,0.00846276703137443
"FAGR_UCONN_30465",-0.773177043335693,5.2259848158701,13.3782185073394,0.000254563410841177,0.00846276703137443
"FAGR_UCONN_30672",0.609937871706178,5.86684404597202,13.3711677740793,0.000255522204130423,0.00848161279415739
"FAGR_UCONN_14173",4.41005431938459,-0.548416985496459,13.3656809912602,0.00025627084134542,0.0084915495800872
"FAGR_UCONN_02765",-1.57481859292929,2.23125105321144,13.3632276849644,0.00025660629449113,0.0084915495800872
"FAGR_UCONN_22911",4.41390231148357,1.34785311644957,13.3518585922531,0.00025816663586667,0.00853014096706332
"FAGR_UCONN_22402",1.04482306663422,4.68599222969618,13.346955912786,0.000258842447632687,0.00853943331046739
"FAGR_UCONN_19162",0.743264192977322,3.83905975424753,13.3432992400841,0.000259347663785877,0.00854307783813386
"FAGR_UCONN_22373",1.08758284115689,3.09721061744197,13.3359722632867,0.000260362972424043,0.0085634885246218
"FAGR_UCONN_30714",0.96997532767584,6.51556270135514,13.326474999866,0.000261684985007458,0.00859390962903098
"FAGR_UCONN_09098",3.86495402675869,-0.0244630178597926,13.3144337495584,0.000263370850729211,0.00863616962345694
"FAGR_UCONN_22908",0.648649438778575,6.92656357746439,13.3101368600666,0.000263975094267503,0.00864288803349061
"FAGR_UCONN_26291",7.61754489193018,2.29957591965882,13.2993239149573,0.000265501838004808,0.00866203335638783
"FAGR_UCONN_04108",-1.26528795299623,1.60768792734382,13.2990646888109,0.000265538548720791,0.00866203335638783
"FAGR_UCONN_22059",3.25725561031691,0.418479490059971,13.2974977297364,0.000265760565042118,0.00866203335638783
"FAGR_UCONN_13286",-1.98219738477643,0.0577551120087126,13.28937758906,0.000266914076745353,0.00868654804349313
"FAGR_UCONN_02899",3.18852172212403,-0.359547960056619,13.2818159395769,0.000267992789203786,0.00870855847439691
"FAGR_UCONN_24624",0.802770512546158,4.19087877458704,13.2637244675876,0.00027059150916163,0.00877982225078861
"FAGR_UCONN_25549",0.996452993952968,4.47900919270009,13.2559978375419,0.00027170911521874,0.0088028872328802
"FAGR_UCONN_26608",-0.548468633823886,6.40874926085357,13.2443516411045,0.000273402459260714,0.00884450825608425
"FAGR_UCONN_23620",-1.25187183264094,2.05913989564721,13.2404835374066,0.000273967227376855,0.00884955035058194
"FAGR_UCONN_13304",1.57075016448694,1.45812451527896,13.2252591616325,0.000276201531243482,0.00890842554272941
"FAGR_UCONN_16705",5.321207753138,-0.543329208225559,13.2152406104566,0.000277681848826981,0.00894284311356179
"FAGR_UCONN_21664",1.48246108394697,5.76768161869853,13.176505227119,0.000283480932820016,0.00911603915020919
"FAGR_UCONN_17347",-0.646917773072383,6.01861385587737,13.1725258435871,0.000284083560285905,0.00912186411232574
"FAGR_UCONN_22295",0.628033303244027,3.56497402111282,13.1689519559988,0.000284625881181516,0.00912573825263759
"FAGR_UCONN_15737",0.520314858826115,5.12041527172262,13.1594038072042,0.000286079893041229,0.00915878852839982
"FAGR_UCONN_08118",1.18912218624194,4.46977398175985,13.1395521788415,0.000289126954153504,0.00922233001298048
"FAGR_UCONN_20627",2.24115341764117,2.23607630691742,13.1394153343219,0.000289148071807934,0.00922233001298048
"FAGR_UCONN_30670",2.04570365551031,2.51113892204283,13.1381523944503,0.000289343040329625,0.00922233001298048
"FAGR_UCONN_10466",0.970795596394938,6.45981295643865,13.1349736895937,0.000289834345152528,0.00922440426145737
"FAGR_UCONN_31109",0.992234179397979,5.17656867416986,13.1076691210917,0.000294089367070423,0.0093460823526257
"FAGR_UCONN_28559",2.13434048360381,4.10554820368469,13.1040967008814,0.000294650716408468,0.00935019179547224
"FAGR_UCONN_07933",-3.89432189524219,-1.96257290206058,13.0964800678641,0.000295851159281415,0.00937307338270179
"FAGR_UCONN_32934",1.20826057849683,2.77564013565596,13.0923082227872,0.000296510764472902,0.00937307338270179
"FAGR_UCONN_08970",1.0396616246156,6.14669356726664,13.0912957506263,0.000296671068623543,0.00937307338270179
"FAGR_UCONN_04129",2.40340856262566,0.00610399175988473,13.0881585251868,0.000297168338803373,0.00937509794224868
"FAGR_UCONN_31766",0.819200993767728,4.21679523406522,13.0852762238148,0.00029762594254372,0.00937586702842967
"FAGR_UCONN_32825",-0.599197996057985,6.08694366730372,13.0659924892915,0.000300705823077566,0.00945912125442541
"FAGR_UCONN_09139",0.833340744288664,2.48338668249067,13.0596090129034,0.000301732415949536,0.00947763852827267
"FAGR_UCONN_23907",0.708473623087331,4.92297057144893,13.0534980447867,0.000302718494312818,0.00949483138248986
"FAGR_UCONN_15020",-1.12473056412887,3.65251281600921,13.0409210729627,0.00030475817702487,0.00954497317969933
"FAGR_UCONN_15145",3.95689264720396,-1.47620594244623,13.0356981605914,0.000305609274583712,0.0095522281104151
"FAGR_UCONN_04067",-2.62610567465891,0.664348351836797,13.0325258555766,0.000306127385653877,0.0095522281104151
"FAGR_UCONN_04514",-0.935952628307597,3.19903322618615,13.031124723672,0.000306356504897987,0.0095522281104151
"FAGR_UCONN_03288",1.24672805901057,4.04551832107262,13.0286883974363,0.000306755315439354,0.0095522281104151
"FAGR_UCONN_12245",-0.650624953810508,4.2420351768029,13.0256608729731,0.000307251630699328,0.00955377037302992
"FAGR_UCONN_23506",1.54405823247311,2.58124163894931,13.023004705593,0.000307687734497822,0.00955377037302992
"FAGR_UCONN_26212",0.987907739729867,5.89256019691861,13.0183281464586,0.000308457074325377,0.00956393696640375
"FAGR_UCONN_09597",0.743549504087385,4.23534105845517,13.0103846898319,0.000309768298632786,0.00959076345941982
"FAGR_UCONN_30493",1.63048218240504,2.62824371887493,13.0075665158568,0.000310234843266625,0.00959076345941982
"FAGR_UCONN_10528",0.528760938372359,5.86972909607727,13.0024578616867,0.000311082380548353,0.00959076345941982
"FAGR_UCONN_31104",0.928761101756441,4.76070875843401,13.0023824699663,0.000311094905670119,0.00959076345941982
"FAGR_UCONN_26804",2.58125532577711,-0.60791533021535,12.9990339946026,0.000311651714103287,0.00959426229960646
"FAGR_UCONN_20348",0.455216674141268,7.49015288914677,12.9950184891147,0.000312320766280295,0.0095989079691325
"FAGR_UCONN_12301",0.689205236472735,9.11319475212174,12.992389454761,0.000312759592847133,0.0095989079691325
"FAGR_UCONN_23339",0.837110869418847,5.70112442090367,12.9901539969264,0.00031313321440752,0.0095989079691325
"FAGR_UCONN_31537",-0.507121115293467,7.10205618075513,12.987469993952,0.000313582397802605,0.0095990809805431
"FAGR_UCONN_10267",2.61968477839634,-0.202478083010287,12.9783674734074,0.00031511060070809,0.00963223675215324
"FAGR_UCONN_03558",2.05533602952922,3.03204285004359,12.9754031800787,0.000315609888802903,0.00963389169742234
"FAGR_UCONN_30732",0.950808497136626,5.55369468630185,12.9608419495981,0.000318074104261327,0.00969543628792062
"FAGR_UCONN_21920",3.38805032560599,-0.641140629704329,12.9577457887152,0.000318600567509103,0.00969782486924333
"FAGR_UCONN_30393",-0.74638423818934,4.08285051946197,12.9439645532278,0.000320954573344977,0.00975575684878088
"FAGR_UCONN_28113",2.49770805332923,2.39769096134751,12.9340482706222,0.000322659240037852,0.00979381665203253
"FAGR_UCONN_30739",0.686678660592816,3.9236298578457,12.9256771326627,0.000324105392125015,0.00982393402852882
"FAGR_UCONN_25671",0.491951011618274,5.85858993686717,12.912226665369,0.00032644272192933,0.00988094180139098
"FAGR_UCONN_20192",4.48387142615121,-0.933262424147574,12.8960638311394,0.000329273884524902,0.0099308670885706
"FAGR_UCONN_31957",-0.667407722093695,7.0505204660179,12.8958949055178,0.000329303604749543,0.0099308670885706
"FAGR_UCONN_30434",0.537186577324482,5.55950517279452,12.8946640479781,0.000329520239500891,0.0099308670885706
"FAGR_UCONN_19207",0.546616167743905,6.48463203122647,12.8923516655464,0.000329927614669728,0.0099308670885706
"FAGR_UCONN_27697",0.930479911424149,3.85383846109912,12.8888169176046,0.000330551317145115,0.00993119399125397
"FAGR_UCONN_16188",0.878751903319672,9.5614222592992,12.887091224527,0.000330856245619356,0.00993119399125397
"FAGR_UCONN_30365",0.677416210046395,4.34463401959052,12.8812736910795,0.000331886290216673,0.00993524289723694
"FAGR_UCONN_15697",-1.59787859644255,0.492488080963476,12.8809714479369,0.00033193989325905,0.00993524289723694
"FAGR_UCONN_30502",0.587794534959749,5.21968946416015,12.8766196016369,0.00033271266489952,0.00993524289723694
"FAGR_UCONN_23793",0.883172807141996,4.50626291562707,12.8759742101876,0.000332827423551279,0.00993524289723694
"FAGR_UCONN_18298",0.776857616550712,3.75672807716668,12.8684595257307,0.000334166569966165,0.00996147783361947
"FAGR_UCONN_12972",-0.663132527092795,4.80140972239493,12.8620647169798,0.000335310428588465,0.0099818270914877
