sample,ME_blue2,ME_thistle1,ME_magenta,ME_paleturquoise,ME_darkorange,ME_coral1,ME_lavenderblush3,ME_saddlebrown,ME_darkseagreen4,ME_darkslateblue,ME_thistle3,ME_white,ME_indianred4,ME_plum,ME_brown,ME_coral2,ME_skyblue3,ME_yellowgreen,ME_brown4,ME_thistle,ME_skyblue,ME_palevioletred3,ME_lightgreen,ME_antiquewhite4,ME_violet,ME_lightcyan1,ME_turquoise,ME_darkgrey,ME_plum3,ME_darkviolet,ME_midnightblue,ME_bisque4,ME_darkolivegreen,ME_red,ME_ivory,ME_lightsteelblue,ME_firebrick4,ME_maroon,ME_orangered3,ME_lightyellow,ME_brown2,ME_darkolivegreen4,ME_lightcyan,ME_salmon4,ME_black,ME_lightsteelblue1,ME_orange,ME_skyblue2,ME_lightcoral,ME_lightpink4,ME_grey60,ME_darkorange2,ME_blue,ME_purple,ME_thistle2,ME_plum1,ME_yellow,ME_mediumpurple2,ME_darkred,ME_honeydew1,ME_skyblue1,ME_cyan,ME_steelblue,ME_floralwhite,ME_mediumpurple3,ME_navajowhite2,ME_plum2,ME_greenyellow,ME_sienna3,ME_mediumorchid,ME_salmon,ME_darkgreen,ME_darkturquoise,ME_darkmagenta,ME_tan,ME_royalblue,ME_yellow4,SITE,YEAR,TREE_ID,BAND_NUM,UNIQUE_ID,SP,L,K,doyip,r,theta,a,b,r.squared,ts.sd,alt.a,WD,RGR,GR,Max.growth.day,Max.growth.rate,Size.a,Size.alt.a,Start.g,Stop.g,Median.g,DOY.05,DOY.95,DOY.10,DOY.90,GS_Length,GS.90,GS.80,GROWTH_SIGNAL,Size.mature,DOY.fastGR,WD.class,Site,Year,Season,growth.signal
H173Fg01,-0.08870110735571225,-0.020204359274961312,-0.25809059641303317,-0.18041915245932982,-0.07543349726800912,0.21050448775474823,0.19521529940532353,-0.03988704933118955,0.06251197703929041,0.0937677382646709,-0.28301628375470184,-0.10278501300218978,-0.1590080744280722,-0.07039321643318162,-0.01389046317828502,-0.032701091672434596,0.06006876228979555,0.06446630604122983,0.0733569390262588,-0.02920132524356508,-0.09031298368071312,-0.13551853947797016,-0.19194794012838423,0.039188703837683206,3.803818011625999e-4,0.15051376417956594,0.04593678085058589,0.0628766563299587,0.12712082473168215,-0.05109982282490115,-0.0044706454113349154,0.0996066403138059,0.100926698349723,-0.07762648940897274,-0.01584283982659575,0.10134134335254692,-0.016409538383468814,-0.02850709044391727,0.1469765021633267,-0.033176500431121025,-0.08289621288295605,-0.09019270984633215,-0.23795684474204126,2.1938148081344076e-4,-0.19430526371674572,-0.05548881948930218,0.07372543585068679,0.14764242633926802,0.058847497690180633,0.07523588047852248,0.14109869693437038,0.28580861434954874,0.1176184962867353,0.10801762102079547,0.19816662582051725,0.10411644676975913,0.1251546900942993,0.024702732216737116,0.7154430949031918,0.12048324420307402,0.544513239660041,0.16200170259414223,0.10855725255016122,0.06492852324980433,0.11842453136754494,-0.17831848727134014,0.10208286836569488,0.07439345973406887,-0.10712906404191398,0.050857567058615646,-0.0976057256138442,0.17551590789078933,-0.03647866157075789,0.010066698127369968,0.09866633800018405,0.1462418118918607,0.1178378940854715,HF,2017,30156,1,HF3015612018,FAGR,10.3968208000933,10.5304070997468,175.905754084758,0.0874601864470554,0.54498106892349,10.4,10.5304070997468,0.997618359726176,0.0546998118874504,-99,-0.0948771321374989,0.0124611801958574,0.130407099746799,183,0.0029202730839426,10.4,-99,140,Inf,183,154,217,160,208,Inf,63,48,1,0,1,1,HF,2017,Fall,yes
H173Fg02,-0.36548864571899925,0.2763757030849433,-0.1032000671518578,-0.32521564066502406,-0.13654348538364566,-0.34014848388548685,-0.17702512801578232,0.45737462637649645,0.17488907254316427,0.14839660763338366,-0.42868668568384555,-0.3868116109220497,-0.15141596100779658,-0.2655107346286062,0.15529558530772994,0.08399706688382824,0.20593731197472298,-0.5307763327356281,0.12771452838291153,-0.5551827934252412,-0.7816611522832583,0.17090213846903124,0.14677439649029422,-0.2513154271217317,-0.161181977428132,0.19012156111942513,0.10362379033487124,0.16207570901220264,-0.08247963349892257,0.33277579009129965,0.43815329170049766,-0.04194073997475213,-0.23127589963179354,-0.19298981889486505,-0.24414547574569198,-0.10558040917218087,-0.3290995631514729,-0.5876830215324753,-0.5078944791476674,-0.11787593489486815,0.3227299251431198,-0.12118625412438497,0.03444795829017436,-0.34349977198784465,-0.3025780858692339,-0.1703397919649684,-0.5961330650089758,-0.3129304246145598,-0.3953256470085788,-8.719741298396827e-4,0.06513467599738357,0.35594816325079975,0.07695600320991618,0.13462332442629993,0.2913200398796784,0.19307138505122934,0.10180518115304271,0.4756075947198306,-0.2030060876062587,0.4192412070650777,0.6084778240724906,0.5024090189925327,0.32985520509836663,0.06852358588322177,0.24349628371638696,0.014700380990218044,-0.2931355962305945,0.07279862094021815,-0.29336437699046786,-0.12773930306638534,-0.257531589040544,0.1616654392968332,0.3898104318345328,-0.25802839441482406,-0.09143681717872228,-0.2160730583471241,0.33206759246940526,HF,2017,10481,1,HF1048112018,FAGR,19.0965606226705,19.2772073424914,184.259446971282,0.100648681817723,4.17821074423442,19.0999984657079,19.2772073424914,0.996171432439897,0.0696517060735025,-99,-0.770121414839388,0.00923517658670159,0.177208876783503,170,0.00454447247072309,19.0999984657079,-99,131,Inf,170,144,200,150,192,Inf,56,42,1,0,0,0,HF,2017,Fall,yes
H173Fg07,-0.048292637532962895,-0.005034168239039251,-0.05222871784613703,-0.09648932562633752,0.0161137652419813,-0.045183034182475615,0.06773300035993965,-5.25416490109459e-4,0.055392478999355156,0.07661847332016108,0.17420634851408612,0.07458642197547868,-0.005727249362785427,-0.1867168449515552,0.012427307483412954,0.01806906043621091,0.028809667910944265,-0.037994851939763694,0.034262310644311615,0.1477405678630661,-0.08915318607614571,-0.1738112766031436,-0.17161354103937224,-0.01279008197406946,-0.018718280576762267,0.0326273958187861,0.02758462451474871,0.04214869444052973,0.15891260146600536,0.18786036137547205,0.055613391248278875,0.06713786808218089,-0.06676944683315336,-0.10609330142903962,0.1151503705880068,-0.091895767596618,-0.10305726620853953,0.05992964272692768,0.0935616902474646,-0.04062637216192568,0.17606368040571838,-0.06699689861285835,-0.024187453974261915,-0.019395885904169387,0.10704854806588009,0.16158181257196894,0.06726155744917914,-0.05554772429842834,0.169744657030166,0.09693330774860942,0.06557211382619664,-0.14134364005905925,0.031072200279265574,0.04304882652756193,0.16444509814617328,0.03902775364075797,0.20642027221819942,0.19661168599289142,0.2829388531420427,0.2806248899091451,0.047306711807795214,0.22964394823349693,0.14345380749842704,-0.08073724319241861,0.10259014433007564,-0.07619271184873887,0.11086134887702424,-0.053718738513236636,0.24034275765496027,0.08610448464323125,0.17671030147772768,-0.013092435748865486,0.11593030310717731,0.09179556022407356,0.028223845907411598,0.07826145262029092,-0.16214785539305931,HF,2017,81099,1,HF8109912018,FAGR,6.79268419540414,6.94452486143769,197.79022837328301,0.0646733859342486,3.14173783301225,6.8000056171154,6.94452486143769,0.994512276257237,0.056664486544282,-99,-0.213018924479355,0.0210301211580135,0.14451924432229,180,0.00245477811049799,6.8000056171154,-99,134,Inf,182,145,226,152,215,Inf,81,63,1,0,1,1,HF,2017,Fall,yes
H173Fg08,0.16027266425699824,0.2456311270819284,0.2594387450841524,0.3462882522773287,-0.26159394144232934,0.12264735441104771,-0.27523563462351097,-0.20660103927713483,-0.41684334508518267,0.07764385647597667,0.13833495200681162,0.2632172575602027,0.01185594868251652,-0.1073008324984102,0.11569474939360193,0.13482136243633944,-0.5709354754855469,-0.33442491614262576,0.00501251187278763,0.20566382656900692,0.0782521420712425,0.07884684294621695,0.08739379182954442,-0.14855917922995196,-0.016250028806783393,-0.4679417947006484,-0.0044553942878090376,0.043744362193708745,-0.12538136737870575,0.2733332308024861,-0.19958542339809676,0.2815228746413366,-0.05480409488436702,0.24161412711188382,-0.22338332381595974,-0.24672220725010158,-0.412655177788968,-0.004185119079548909,-0.5504005244521301,0.12884114220793325,-0.08060029442654473,0.17268976785966655,0.3825696502343497,-0.011022113838398913,0.31947853979057006,0.6292762271921386,-0.07458814860444203,-0.21589615856395,-0.22896303451054753,-0.23050938730872214,-0.7730321272954392,-0.25123141458238807,-0.2684454245071115,-0.16113149930879708,-0.15434913385213356,-0.11151930167772865,-0.21964047796340852,-0.23924289840410132,-0.12490413352157566,0.1094498538681062,-0.11587792838082386,-0.3621489543961213,-0.2028456862423057,0.013069011858688523,-0.33966967575351686,0.5493267910805394,-0.3445171086393082,-0.15218889225969529,0.1869069814054891,-0.27512290805522754,-0.22261176518944337,-0.05456657159685228,-0.18011825890305894,-0.13279380496819346,-0.27263692354262653,-0.005599291430806786,-0.23450268062086257,HF,2017,81091,1,HF8109112018,FAGR,30.2778857634342,30.7617864622098,201.649803191193,0.0500171716335562,2.27855807335439,30.3,30.7607144894916,0.996329391965357,0.171312801868904,-99,-0.823575496131308,0.0150906597291969,0.4607144894916,185,0.00605039179759004,30.3,-99,124,307,187,140,244,149,230,183,104,81,1,1,1,0,HF,2017,Fall,yes
H173Fg09,-0.16544789920872352,0.14831365157156287,-0.003767016292047886,0.014520980036465026,0.15656888544379077,0.12734278618815853,0.2114571774227887,-0.09485915248608998,0.1672710053294597,0.09169968382242051,0.1014712053591472,-0.015196720695091311,0.0736139140522012,0.06316829783029157,-0.004492249649790917,-0.03208762395795807,0.09276661830209135,0.045743229384276315,0.08069934713473931,0.03880071807560803,-0.05483907311183388,0.07576064762921225,-0.1509496154155674,0.05818876729202024,-0.005923012410231629,0.08687506584804196,0.0744296438444559,0.08172167136473667,0.06457153878190179,0.03465995407147884,0.05461215191496491,-0.03426309991625247,-0.15838503665117887,-0.18820188087178324,0.052055481138774846,-0.08468906622634774,0.0978148700503459,0.015142424140072311,0.04197005450861191,0.3651505941092657,0.26642459817173675,0.08849839088091321,0.09653973875407587,0.08876606398426139,-0.12057946994872161,0.0887161557586505,0.03009491594168908,0.01796821155158983,0.1853514067025767,0.015203793068521368,0.10299735083818029,0.23548092036314971,0.2664828173656082,0.13179470460768442,0.013911202886473338,0.13345468138188143,0.07074362123094148,-0.06251796717424571,0.023399125819367914,0.09871181799215807,0.10356114888457005,0.12648876620990196,0.3740977748228539,0.8499506054492724,-0.007990734154794666,-0.056445623657730246,0.17679109998938947,0.294608777079656,0.20080013306620348,0.16226379167380534,0.21193484789721737,0.1319620817535889,0.14286031113167066,0.20718563744320992,0.3194957786791026,-0.0033396965240192642,0.14812858091981335,HF,2017,60850,1,HF6085012018,FAGR,5.79530276908103,5.9165630756645,189.151562916979,0.0712088004631142,2.24176352431585,5.79999928691695,5.9165630756645,0.998501323871195,0.0459058704364946,-99,-0.152526441079364,0.0198979241546353,0.116563788747549,178,0.00215837861644275,5.79999928691695,-99,133,Inf,179,145,220,152,209,Inf,75,57,1,0,1,1,HF,2017,Fall,yes
H173Fg14,-0.09928348080957325,0.2026943967389856,0.2810583858256746,0.1431878656536519,-0.013719475380034435,0.03145493153097647,0.08967588260256049,0.15222391922690134,0.11586954556774684,-0.12439831566192815,-0.31571271406087353,-0.04986936474848337,-0.030239905310457265,0.12518345837502334,-0.011506412923093038,-0.045650655289809605,-0.024568281620518814,-0.05905995302872642,-0.04786354698723094,-0.013308287835319803,-0.17771460725669724,-0.021101334512453898,-0.16402009207071566,-0.08251846980440558,-0.13906349705252027,-0.15215431056716708,-0.0205368501724877,0.05159843749839946,-0.001596150038308634,-0.1720015238918769,-0.02080356531862004,-0.14142816519301687,-0.20617224608080673,-0.1693170759751865,-0.10667222447028159,-0.11387959921054722,0.010350259092607637,-0.04553336644395015,0.2567906301002277,0.45644715661578106,-0.03978579264044738,0.1313922408683939,0.17211253314064645,0.07468915493538078,-0.15285647212624182,-0.22472666996078397,0.056170185525994516,-0.20654134544097694,-0.10404422318673015,0.11932523787175117,-0.11371402376755275,0.20602456152492224,-0.13570021768744328,-0.018530592096656803,-0.058230217110514564,0.08327641403789636,0.16504453593653484,-0.07563630904707926,9.591867612948105e-4,0.05392482701700185,0.04380371927559225,0.25569301710730935,0.006263326764788842,-0.11069290730600553,-0.16544986998979874,-0.06322910606237635,0.14343053591513164,0.04010181226899424,0.21382644509631368,-0.06193387396247101,-0.08019801660553123,0.03744807851884615,-0.1660224785794585,-0.10993249674383782,0.06255485275048467,-0.12550684128426973,0.12456284202757718,HF,2017,150496,1,HF15049612018,FAGR,20.2919723348152,20.4847308148489,216.400800831168,0.0820161554751828,23.1355971148136,20.2993717612741,20.4847308148489,0.99642216424046,0.0749756885905223,-99,-0.536685236808057,0.00908983246608042,0.1853590535748,178,0.00395170857758131,20.2993717612741,-99,139,Inf,179,149,215,155,205,Inf,66,50,1,0,1,0,HF,2017,Fall,yes
H173Fg24,-0.10791325444290896,0.008079039871158681,-0.03134739600394437,0.17333284115558031,0.05928691758917168,-0.06999802401600043,-0.306396727984642,-0.07867828105546677,0.07555226564796155,-0.020524348833862227,-0.306574516127629,0.1134149467137649,-0.2729437410198638,0.22874264585976534,0.15503356296529128,0.20143151892978903,-0.10492550973762371,0.006569161810510245,0.16212477381318202,0.15411478741727308,0.18167548850809184,0.013818711250522071,0.11034475890730394,0.10661344813618064,0.02500573218884414,-0.29673366161846265,0.08544575524768247,0.09163579538453429,-0.38553353690434644,0.06198988500341887,0.18210300939281715,0.2582609806224389,0.17273088982119403,0.507138025618205,-0.10696787291411913,0.14143994918154834,0.40089663544696197,0.12124321961924293,0.15462487581753134,-0.21932818293321552,-0.46151246575579397,-0.3659144140931554,-0.1589850916968849,0.452983770711652,0.31065422742389476,0.2547157713966496,0.0714797167408689,-0.0034482414828727343,-0.37251407028427147,-0.6898293693688156,0.06249355166810461,-0.1939822988669969,-0.2559575646267123,-0.030273434891969368,-0.35225936125969776,-0.43811752492804057,-0.2193092265565364,0.5521556956183348,-0.1640568401274219,0.10682030349309002,-0.1756136262421116,-0.21626374606788776,-0.20163058896965633,-0.05157080569665811,0.09651487040494712,0.27904802986006133,-0.06973922340669303,-0.0818081007512687,0.14147427123444042,-0.009646243045589241,-0.19103107793143656,0.16229502977390767,-0.16822200136541282,0.10439443971394403,-0.24883635015434555,0.3865096975276473,0.11134625305181149,HF,2017,141939,1,HF14193912018,FAGR,38.4992468549169,38.5465877832328,203.820992065395,0.10222790942811,3.29851982702912,38.499875107315,38.5465877832328,0.991028107464782,0.0206866555599731,-99,-1.20186455885015,0.00121258471548202,0.0467126759178029,192,0.00120956003893014,38.499875107315,-99,150,Inf,192,166,221,172,214,Inf,55,42,1,1,1,0,HF,2017,Fall,yes
H173Fg25,0.003323744174034256,0.19567881334022103,0.2992861332053809,0.14029245861621023,-0.023848038386555605,0.018515867223628146,0.05989905878202295,-0.07485513107833672,-0.04103559158061516,0.12160712465134499,0.21289136279659737,0.1235992398919137,0.14766517167265628,-0.05212790531902394,-4.50787574931679e-4,0.08164022002412999,-0.04322870599037595,0.07683538640890962,-0.032519408550510116,0.12922176542017522,-0.050858931543066116,-0.04356054696167745,-0.18125285994048407,-0.1317430934848887,-0.14553646367328935,-0.019601868711245782,0.07803626301041532,0.058452248884139545,0.026114098039019443,-0.03262876968389768,-0.03164988326849527,0.011703455341834501,-0.13567836890616655,-0.06394948290384617,0.15812315127235926,-0.11347791663141797,0.016612227198985457,0.07430242734793144,0.1445946265882842,0.2430077548256958,0.25442166041781555,0.1781682828137069,0.24960533503269128,0.1304368418332589,0.3484423422366555,0.36598222037473166,0.03873746205492581,-0.019083001593194066,-0.06955334665016223,-0.07796305107568241,-0.19441088700741777,-0.33135431209485716,-0.13178614280918338,0.023729303007431254,0.10319027901072257,0.03026419546332896,-0.029913971704298815,-0.04728935561412995,-0.05405993471774438,-0.022433170085185767,-0.13308606458269553,0.0950655786716313,8.231913039065127e-4,0.05473219129342081,-0.14570071433877552,-0.02289678279164765,0.003715178115775002,-0.025560064888630503,0.1377923053311137,0.03907158990848304,0.2651388773195294,0.028440457521315094,-0.14657531768367751,0.013835433777645938,-0.02105269734122706,-0.1298771259188821,0.09812519819535656,HF,2017,121716,1,HF12171612018,FAGR,48.1950783179117,48.2434976410355,199.608625099634,0.140139447090432,5.97006552721103,48.1953532835797,48.2434976410355,0.972919906598085,0.0220788339502536,-99,-1.77819518067757,9.98443282842043e-4,0.0481443574558043,187,0.00169550472419644,48.1953532835797,-99,150,Inf,187,167,208,172,203,Inf,41,31,1,1,1,0,HF,2017,Fall,yes
H173Fg28,0.08474842070974888,-0.0903378135990052,-0.10405177025702082,-0.12396247060442575,0.06027825907017671,0.10453300013528545,0.0035800649859528367,-0.012906638559709168,0.07626074629305696,0.020183378292280955,4.1399058502849785e-4,0.07997844629881326,-0.11998832426895598,-0.1260035112455683,0.043948736131268186,-0.0286528418892976,0.0982339266749313,0.05583714201041013,0.048421933332042554,0.07943496513900869,0.048114203055538936,0.012130138946093582,-0.1524204281747354,0.04492100656611441,0.0638663054918127,0.1136507026810104,0.117389644238664,0.12987571180456553,0.05374241280646284,0.0891503215539164,0.07520691869130075,0.0310852010870509,0.05149943063686348,-0.030105634660715478,0.23731287836899184,0.07287194477609801,0.06584506383870323,0.05035245689978915,0.1014827579385669,-0.04887181543648889,-0.012090747588432997,-0.01056318572386949,-0.04494452709834945,0.03482754688823579,0.2332794144217796,-0.016074761216301713,0.05149774197264124,0.21659042436353218,0.049033063668644884,0.058642777745002296,0.11833641641127299,-0.14873648039377554,0.11775929545133322,0.09599674843840743,0.09224258754977961,0.0771652970117145,0.044454497435845904,-0.05682833960878666,0.1006614527408541,-0.04521511923544036,-0.10065030125160232,-0.049185534079513815,0.2666177632642394,-0.1212164925633223,0.017723758557516373,-0.14282868930675585,0.09460917577005769,0.08711726109221907,0.1582814461992632,0.10309613013755618,-0.056952136912922974,0.1406566389329748,0.05164208370842388,-0.02954890439928439,0.1708845452002427,0.02106592233146511,-0.018321440905732084,HF,2017,260845,1,HF26084512018,FAGR,7.2996179889426704,7.34277891170686,194.117047394895,0.106008471574226,3.68105985780247,7.30017928823468,7.34277891170686,0.996634195429589,0.0180787847041673,-99,-0.228889627818632,0.00581846141644671,0.0425996234721806,182,0.00114348833467215,7.30017928823468,-99,141,Inf,182,156,210,162,203,Inf,54,41,1,0,1,1,HF,2017,Fall,yes
H173Fg29,0.1484226745970538,-0.5549613071924161,-0.34906092669114125,-0.3560341721926068,-0.21559718963364624,-0.29944255414165616,-0.23219220657095854,-0.22736079916982166,-0.4811949723367415,-0.5594631921822237,-0.03729192657534337,0.3765819102624615,0.5015548939420282,0.5020534641912353,0.1392967509783668,0.22951986607697988,0.238255244832497,0.2714423947254059,-0.0011085470499912725,0.05314465116878781,0.24717988518187714,0.023495866784219537,0.31749331334722225,-0.34252666393964226,0.2597305071450514,0.2809256837065951,0.07636378454353937,0.11996741465146384,0.250591515026758,0.45860166575119904,0.35255381653919027,0.3986876193333696,0.5230775693779066,0.6221518548985617,0.7447749025832716,0.7538132411406807,0.3988344052963751,0.28187732333797755,0.27752411840057095,-0.3011755776609938,0.18792168775204612,0.35512697563601314,0.38536754383353145,-0.29188575290735375,0.39117068899064655,-0.2470223088931897,-0.6335285154454009,-0.3585173773777121,0.09144097607716845,0.16409053538501728,0.07427986248837955,-0.4028463665176574,-0.4179517244460515,-0.8849020420324379,-0.30183598914897775,-0.4549013497147376,-0.4822462796472263,-0.2997971063882908,-0.26350764384432396,-0.4089926816663357,-0.21978798541221775,-0.30849457052942053,-0.3485716481743004,-0.2003305524337288,-0.06972202847881287,-0.2548671740893831,-0.34388414254574096,-0.2563254265864089,-0.33950782471225716,0.3134119528959335,0.16685032956629603,-0.5808397777949941,-0.14822253950357062,-0.30973320773777807,-0.2857917315621523,-0.3450338949422636,0.02324008029469511,HF,2017,271124,1,HF27112412018,FAGR,24.8993647603709,24.907145465432,159.001332444769,0.0563560428318014,0.982372552934762,24.8993647603709,24.907145465432,0.752173063751165,0.00240975751903799,-99,0.0375253645621339,3.12437273325195e-4,0.00778070506109785,159,NA,24.8993647603709,-99,-Inf,Inf,159,107,212,120,198,Inf,105,78,1,0,0,1,HF,2017,Fall,yes
H173Fg30,0.09224681883878717,-0.06091184594306115,0.008520974785908955,-0.13527112882179998,-0.08365570626804526,0.031338251287043074,0.06724363546251255,-0.07643571124557773,-0.047188339512647275,0.027663336022104967,0.22811676151778035,0.09034716112379922,0.19614485115947636,-0.19424079648100384,-0.07757701505380053,0.025712974722265147,-0.004963330341892571,0.03752188686058159,-0.10601533864146867,0.009577409435246211,-0.018754505879597098,-0.03421070778498984,-0.24777930749561586,-0.06535354844316558,-0.045460468225244334,0.09170378880402853,0.09308447637363546,0.05016035625022988,0.019653600632031486,0.04262784025350157,0.04502301166470347,0.029802837030970197,-0.027350770794657732,-0.001896604465477886,0.04772311457639408,-0.022722015890120253,0.11688218880191882,0.12959959255157866,0.15200930993999393,0.01385687926527378,0.054527727680857556,0.22480871029506522,0.11483105646168665,0.05917570807668423,0.1894677906068459,0.002034082011543937,0.0168994376727223,0.050419037943697044,0.11589256130984239,0.04644423369483883,-0.06813029746384973,-0.23437813687743178,-0.0446540131387698,-0.02454088508945399,0.07352086214832836,0.15500723808222933,0.10290015160698124,-0.052054007911827904,0.04006525000865476,-0.04110466653933888,-0.16614489312610595,0.04746408811407842,0.09886986290788481,-0.10986230869102231,0.027497331472567627,-0.09794798273545545,0.0273742340326521,0.02896554775039643,0.08002302427002113,0.16480253156434466,0.22509576400072284,0.025389537032419383,-0.05689379667581507,0.018439470900974468,0.04906054035301115,0.041267929365574864,-0.1269453663070351,HF,2017,281050,1,HF28105012018,FAGR,40.29649947333,40.4128471950795,192.821570846182,0.0979760652345133,3.19855967033272,40.298249283384,40.4128471950795,0.995791392119755,0.0475605462648718,-99,-1.93628628094819,0.00283970838471559,0.114597911695498,181,0.00284923898555434,40.298249283384,-99,138,Inf,181,154,211,160,204,Inf,57,44,1,1,1,0,HF,2017,Fall,yes
H173Fg32,0.06570991783488202,-0.3996188197508722,-0.2949429370837618,-0.0985458251725259,0.3995087757551473,-0.2551008393098297,-0.27181129995478426,-0.09834267245877468,-0.1441027567627004,0.11578637399933824,0.0798504089822257,0.17875796280936068,-0.2771136644010042,-0.13357398122946118,0.047275245923353804,-0.5820173695074724,0.006417271278840073,0.22136718762117352,-0.8181343991995602,-0.5826096725553848,0.12292377212608935,-0.17927605069584,0.19334856609271384,0.05260328351507159,-0.21731066145757674,-0.026238827893225316,-0.020382015586171625,0.18382728312440216,0.2158179348504549,0.015852590100046852,-0.2120778078523057,0.13618820567555878,0.3821083841811182,-0.046459378100962505,-0.2404525960082966,-0.11147323428169983,-0.11920521821309661,0.1520772630940987,0.08067646867981094,0.023745369968415805,-0.18741519703980075,-0.3630845024295007,-0.4284356918937789,0.26909054533838245,-0.2206438979461969,-0.24278301194225857,0.20784416385077825,0.38888379136324897,-0.22027184204820374,-0.4874772951750046,-0.010473519072879465,0.16672140673725405,-0.2083846797784093,-0.06323784765292102,-0.516847534594998,0.0980843335766874,-0.05457836239439758,0.14553448089442472,-0.20739948046748027,-0.25729946690676786,0.19899087499643225,-0.01883029829424871,-0.13397465291746943,-0.09738136250510221,0.27934007895572216,0.17642263985761997,0.4219238837340569,-0.20526221207502782,-0.09351373293623332,0.20772747707347697,-0.2994910719181368,0.06042485122493787,-0.22423243076540741,-0.14012193396186595,-0.32605210937731133,-0.3132802081415612,-0.5900593753317503,HF,2017,281525,1,HF28152512018,FAGR,37.8903343699772,37.9019116728119,122.000336870976,0.00751275362111151,0.972325081088648,37.8914129250125,37.9019116728119,0.30823019527598,0.00314885333985911,-99,0.230605164094072,2.77036214528348e-4,0.0104987477993959,126,2.1744308995153e-5,37.8914129250125,-99,-177,Inf,151,-118,531,-73,433,Inf,649,506,0,1,0,1,HF,2017,Fall,no
H173Fg36,0.10269674494753674,0.2490450629907241,0.3730054889449253,0.22628788524905244,0.06216423920151749,0.03188681608689239,-0.08343098873065177,-0.04270998956624133,0.029945468208958867,0.02398793070801746,0.12359212819753607,-0.07842371415977148,-0.10187940801917916,0.06629303609527307,-0.025125475908551933,-0.021405782248807816,-0.07353744827676789,-0.010229949286256493,-0.06519249776452157,-0.030276742321481708,0.007817895908507642,0.012883443977564654,-0.15646803295476025,-0.07934239427203556,-0.12188152025175406,0.009332690504872182,-0.024154212957452254,0.05892477721166012,-0.04602657514641036,-0.24778053720911555,0.018364752533346154,-0.07618111439045262,-0.2735096142745034,-0.21493712327046546,-0.032929730179152086,-0.07297143722182299,-0.05805417938564697,-0.07697841991788987,-0.007743517315955601,0.14546157469995158,0.11423240310069004,0.02553740065306598,0.10923033670363377,0.10305766516671354,-0.20220826176452575,-0.07955452156991108,0.09581159380056962,-0.05781380438140458,-0.08863032821512606,0.13764898431492012,-0.12431098931310519,0.16452952367677665,-0.13196453434568725,-0.032443552910496755,0.023936898798786736,0.16484050806076395,-0.07375706939981527,-0.04864488068422083,-0.04051208613876116,0.07748896559725169,-0.09509488493261382,0.12139205516076106,-0.09287506898265427,-0.040675166405791906,-0.11691111279069838,-0.06253161227582968,0.004783004295001246,-0.01864695174456003,-0.11300755924164345,-0.05270116903804513,-0.1344574681125505,0.018252176121003657,-0.14214892775925153,-0.11138776320939638,-0.10073082198813627,-0.09138289613796327,0.07926574342775453,HF,2017,241504,1,HF24150412018,FAGR,18.0983669545841,18.1786846746099,198.328331672691,0.104867869124592,20.5847985889063,18.1,18.1786846746099,0.993839696094603,0.0302434023614002,-99,-0.926900909698888,0.00433779772868714,0.0786846746098995,169,0.00210383485201149,18.1,-99,133,Inf,170,145,198,150,191,Inf,53,41,1,0,0,0,HF,2017,Fall,yes
H173Fg37,0.14161573771563907,-0.03844879482778701,-0.2268116479117914,-0.3514538906810542,-0.37437347585179304,-0.3458449815658972,-0.2841626871644551,-0.247023082029662,-0.4916675233264411,-0.6961583123599967,-0.3925590727151601,-0.7191905117566046,-0.1254061947323298,-0.35724150703750435,-0.867884238876778,-0.632332057803544,-0.5845433086253367,-0.5064362057829742,0.03444481379409512,-0.31778121745399385,0.1390340793430298,0.0035755218458427495,0.021695795243612613,-0.23131535379417584,-0.23459888148584276,0.3450760730959673,0.1684394142708401,-0.5615598654024005,-0.4936259308971973,-0.4077346368238742,-0.4913622463068742,-0.38797091757048296,0.0907601928206353,-0.19537985327883212,-0.13096297981704233,0.4540858206863576,-0.183222108913482,0.11572065463251141,-0.018354353209652337,-0.35733582004487013,-0.06656072329330041,-0.3131605467076112,-0.3678139292467593,-0.36816214893475563,-0.10695138297718375,-0.12692922575059515,0.21706020160293896,0.5085225588363713,0.324587765822706,0.2091969412444111,0.20665129339897934,0.24081159684700013,0.2317370634277463,0.12408510602826335,0.19801671563595527,0.15264850799260685,0.4448453344752075,0.055348526405706276,-0.2422374674295087,-0.41211867489707044,-0.07293424619766148,-0.25814413582790624,-0.2882969346056105,-0.029486404662975,-0.18081682075071198,-0.2768859717100232,-0.32280120534817636,-0.30147250697712535,-0.30521907288323236,0.07829840072350516,-0.28557382090137606,0.21179817269915785,0.5930947226852179,0.4372399510378238,0.49817568323493105,-0.012918736986888111,0.10633275821640185,HF,2017,220932,1,HF22093212018,FAGR,29.79987180101,29.8098756652165,185.990004679689,0.0268411948978669,1.29502525585342,29.8,29.8098756652165,0.8125020511515,0.00263817070536785,-99,-0.0379059509103658,3.31343261385619e-4,0.00987566521649796,176,6.71263588039039e-5,29.8,-99,15,Inf,177,75,287,99,259,Inf,212,160,1,1,1,1,HF,2017,Fall,yes
H173Fg38,0.41051324880627293,0.35645653824562346,0.18042178172384984,0.48835903245712337,0.6037138141721639,0.6680259336868842,0.5426914896433364,0.7385789620475531,0.3543242516427741,0.23916001769102602,0.219857572505084,-0.10348872937536795,0.5761626218194292,0.5840591639923371,0.275233996726108,0.3223350810415866,0.2615213052937476,0.28545548502900386,0.28251247460709467,0.24292278182638663,0.37288931465071806,0.39658620690852353,0.5483726536286332,0.5958457958871071,0.5906445691211096,-0.5399038721908258,-0.9395900282004516,-0.7362560642910867,-0.49564373528234285,-0.4494786229519111,-0.4740821604164502,-0.5433835656021565,-0.32936531603347957,-0.07071599285714142,-0.2791266665751507,-0.13565198755958902,-0.3846714992528424,-0.6660277211689115,-0.251745338452493,-0.25349023271182547,-0.38141752691056535,-0.3475763195565522,-0.04552922273969823,-0.42550312084358255,-0.31942800110965663,-0.2857297474785743,0.27417195013984585,-0.3758657234942783,0.5576947090850299,0.2564435056556427,0.29618896062529493,0.1678817784428007,0.40256136220375094,0.17463671358789934,0.29593506455969654,0.012527004353898004,-0.41355479844587,-0.29447023526285643,-0.27567304593896025,-0.43125500840320236,-0.265916849894656,-0.4305833960405496,-0.30633821198418265,-0.1757872374359061,-0.28894655151746185,-0.135194405190014,-0.3047283278476725,-0.24123757386909017,-0.4137531190937346,-0.5654023446706259,-0.27560264260978123,-0.6514846975054857,-0.27786552395356806,-0.39967024197237555,-0.32938914290392607,-0.3569147788932278,-0.4610214315915913,HF,2017,211039,1,HF21103912018,FAGR,50.3984941764111,50.439234520086,216.029543992356,0.0830909238843093,11.531895690288,50.3991443063624,50.439234520086,0.97277786255776,0.0170257303378757,-99,-2.06649865938745,7.95138047684052e-4,0.0400902137236017,187,8.45935915542384e-4,50.3991443063624,-99,137,Inf,187,155,222,162,213,Inf,67,51,1,1,1,0,HF,2017,Fall,yes
H173Fg40,-0.6967734291629328,-0.009148813698686763,-0.24276252656483144,0.09963814665542103,-0.3475372663277695,-0.14959636752536593,0.06695586618391809,-0.025202350950707997,0.2741629167268523,0.11980524786006497,0.102394718575323,-0.014933553719654389,-0.1517002148854394,0.029436920283216872,0.2520412180447862,0.12413591506770989,0.3129304726275566,0.3252380903955619,0.3506945495261968,0.22781032721912808,0.19259658578157035,0.3406613133563123,0.416566811784686,0.5364502264423168,0.5608101102331591,-0.18071387019370122,-0.08931385422675427,-0.03215918256147526,0.29233889909771843,-0.2837670077835194,0.23285694520189623,0.3519108689641192,0.35404937546868276,0.1902294782576285,-0.11677931224477783,-0.07496594598305069,0.3918376747068984,0.03713244025132307,-0.2868212894523985,-0.21387909072812852,-0.37515596623235037,-0.19569526389425096,-0.08923952711395526,-0.22358900225256748,-0.16192179393234823,-0.10433553726371077,0.1286468344943769,-0.004547727789378031,-0.01563396610378695,0.17315945785056908,0.27972110942608386,0.03724228557978549,0.35567261261370436,0.23100170921746482,-0.3567637934372021,-0.6154423382599414,-0.22731500761533557,-0.2891530383268533,-0.0542694948217678,0.07696318585761697,-0.11370723174504827,-0.0506176502048298,0.07729668735471093,0.08664409252964039,0.687704773309255,0.565891011652135,0.27171064722324867,0.6846989148329888,0.3066468931924618,0.15250880922596768,0.2504927180411666,0.16915620755502897,0.28705593725564116,0.4432995242707086,0.040998123079298315,0.5110336206352886,0.3455459415786554,HF,2017,31078,1,HF3107812018,FAGR,NA,NA,NA,NA,NA,NA,NA,-99,0.0533089522911262,-99,NA,NA,NA,NA,NA,NA,NA,NA,NA,NA,NA,NA,NA,NA,NA,NA,NA,0,NA,NA,NA,HF,2017,Fall,no
H173Fg42,0.2183575396875644,-0.18367062952337226,-0.1471316431854656,-0.11159512306843813,0.04802081763899286,0.17967424315346756,-0.23688642006926983,-0.12757473696458796,0.03192929732190411,0.07564569171540071,-0.08856278230580605,0.022535527412237178,-0.2752882357159428,-0.05921794950596029,-0.024923329071616443,-0.012522649239472782,-0.08050302914244903,-0.08494655197024714,-0.008121412019506568,0.031749254378319824,-0.0853265373725083,-0.7540128839593007,0.03117545379102028,-0.09037029812227707,-0.2101406461946801,0.13483454461567232,0.09010299287745639,0.11256556980627161,0.22779806109406053,0.05109874050709422,-0.13634123097684342,-0.1982747689252889,0.1006077763646652,0.1092711970964457,-0.12747413664535776,-0.09154194249148691,-0.018471656431621044,0.14193558201971812,0.11539761775334133,-0.2723471050183749,-0.1676275055216359,0.38624877437028765,-0.369181305802372,0.31150027779867134,-0.12546476729484646,-0.13557210863667657,-0.04234564796125796,0.21127283647429476,-0.20458622456878567,0.058521286051696673,-0.129557488952845,0.06774153682161127,-0.26343587923665884,-0.023758746043112868,0.2240127612725326,0.09132527373594057,0.012936048002639304,-0.11567496455958155,0.14248123280966488,0.2572701100653357,-0.17039361150450674,-0.06752961585788435,-0.31323419057812635,0.27263163293044573,0.10409077261980217,-0.07173029862254217,-0.1753622475272674,-0.18788150677688906,-0.2835680267847976,-0.5503343429571732,-0.21706021370779172,-0.1488680038480738,-0.1743425960969712,-0.2803973773313516,-0.12421380030831793,0.283884960984839,0.13332322937261815,HF,2017,331632,1,HF33163212018,FAGR,62.1984762069527,62.2496240757026,185.997166368481,0.0817179411074954,1.59948238915824,62.2009906821343,62.2496240757026,0.961923308094907,0.0207559135478177,-99,-2.04804327664684,7.81569398248472e-4,0.0486333935683021,180,0.00104467068103276,62.2009906821343,-99,144,Inf,181,153,217,158,208,Inf,64,50,1,1,1,0,HF,2017,Fall,yes
H173Fg43,0.03430498192779396,-0.13381706786851977,-0.11882933094383252,0.003462378289251276,0.10277018117602418,0.02462125516319924,0.29039779552071865,-0.005229054461325954,0.16147652781802063,0.16766894837799132,0.03587343835498307,0.026479658742971448,0.07997532454370716,-0.0036415846754289383,-0.02564741030484944,0.037416689217593044,0.12238267883425609,0.0831916033198327,0.057010202804777865,0.07672351498325997,0.04788936177670283,0.16577113639761523,-0.10097919293447116,0.10111256310982833,-1.1691739017372785e-4,0.1274021503704999,0.09806447934929657,0.04662649412072993,0.20081255644566692,0.08527486481313935,0.08725600381333354,-0.055359308997337715,0.048022853237574326,-0.08545795183773207,0.054256459655569175,-0.0503333869014431,0.08710253423526024,0.09818493591150645,0.06492988425642103,0.08428155126055774,0.05436452987333076,0.055787894560713314,-0.009537406362047899,0.029493467283283507,-0.08009833684757946,0.06131257302118864,0.1201816420019229,0.09558646941198695,0.13864642180468797,0.04026985401671087,0.16515980207770412,0.11649827017053335,0.2204153206231867,0.14296343377977125,0.04491499899773506,0.07375785840782911,0.21498378807404425,0.22242100582218433,0.14010701491647817,-0.1085950575251742,0.013627683316009387,0.03481155633248569,0.2593454486922521,-0.14262666244077954,-0.09046691589089435,0.024797966814408608,0.29040933893712145,0.26037262830835384,0.12266289503907868,0.1535751918154867,0.2391073093809113,0.09609079713956376,0.2077437449141824,0.2560225058636522,0.23952121571979124,0.16372768504896837,-0.022126384325878472,HF,2017,321651,1,HF32165112018,FAGR,14.5989189834164,14.7591430390959,208.523686573009,0.0679198035350516,1.29543499715108,14.6012838833226,14.7591430390959,0.998178235073094,0.0655952836013354,-99,-0.385001701993537,0.0107532957430307,0.1578591557733,205,0.0027200761595001,14.6012838833226,-99,143,Inf,205,165,248,174,237,Inf,83,63,1,0,1,1,HF,2017,Fall,yes
H173Fg45,0.06248335318778021,-0.1985433458395867,0.2159325928728237,-0.07977454181045118,-0.08563892193217645,-0.09551294898482757,0.09470306833107202,-0.065223792787604,-0.042751605498719904,0.003406060910254479,0.06696516986784912,0.022466282278600036,0.019597299984095446,-0.04899250896581534,-0.1141249627089792,0.08305327603995172,-0.0012597047857420506,0.040215777924595644,-0.21267442870857678,0.0038536268217885397,-0.11040169000433941,-0.015743718403978934,-0.2595971036267964,-0.15409111607973117,-0.18432754734586426,0.14994914428905237,0.015902214623489345,0.020103184040891276,0.016058448420713696,0.02108873692873208,-0.0255532810617887,-0.12419657706658722,-0.13320398467946976,-0.1355291165934826,0.06778021224546647,-0.13334676858789438,-0.007581940317715158,0.10482344538672267,0.08479113835322086,0.24871288822817642,0.24979413182010762,0.1455910320270822,0.13907117801273175,0.07195986520695184,0.006575970730024708,-0.04587119650946693,-0.07777349525658415,-0.031234182089068724,-0.07306910567205165,0.04126213168915374,-0.11952578934099205,-0.11946678717097754,-0.08719954744405305,-0.03349994453932384,0.0697678205841794,0.16993079244219475,0.2808628606378614,-0.06558329752216692,0.10993586591510733,0.1050856184845834,0.058560114864083204,0.15468386865283898,-0.021037617438270356,-0.10485731239353267,-0.14355663074030037,-0.15368365062262748,0.06668733811865457,-0.13111665702814077,-0.07763077786141201,0.057324084976202824,0.3172907022270354,-0.0198648289197882,-0.12717970525227507,0.059696632214898654,0.014504824573374686,-0.11461351060068926,0.03014319726133866,HF,2017,351005,1,HF35100512018,FAGR,11.8000124078734,11.902621894775,193.46064685834,0.104264631721033,4.70438718092106,11.8002679525524,11.902621894775,0.994875339124443,0.041944418249800997,-99,-0.330046530130909,0.00863646408378393,0.102353942222601,179,0.00267291983641904,11.8002679525524,-99,121,Inf,179,151,207,158,200,Inf,56,42,1,0,1,1,HF,2017,Fall,yes
H173Fg46,0.04720460754772104,0.012422632832159764,0.31456047390214986,0.22339143071190848,0.1095153425850375,0.050282306990208386,0.17758875441390942,0.07523739026138823,0.08519858096450353,-0.0024963007064269373,0.36843592396090746,0.09873440330960913,0.06414094729571589,0.006024386344376948,-0.03062480770324206,0.045237040732413185,0.06114153398687029,0.049985109354730176,0.035375193982968636,0.12760184251793114,0.020649938804791292,0.06280308988819966,-0.09613742733412747,0.05500183147975376,7.229631771349886e-5,-0.02972435915824078,0.024028491351445747,0.01367074613653813,-0.02324556224624225,-0.009823060082689457,0.05418295131048126,-0.0629082934563382,-0.20726839148878756,-0.09174497843422219,0.14756058781359135,-0.0743006141329108,0.046252289378796656,0.026593330667292626,-0.09237017271707476,0.14860172084075962,0.1745820879264053,0.1105206250236079,0.09203567020662749,0.056857507964384206,0.08091821126698326,0.17080885834886736,-0.025213966822479124,0.004539954841834645,0.08135272905724136,-0.005726849757302551,-0.04447871147786926,-0.2213492212010388,0.12520455655883397,0.06242105392359051,-0.053094925887035155,0.041482824571729776,-0.0498357871387095,-0.025489321165968058,0.07363513759714695,0.02094982170607435,0.010366306393029597,0.03214430122918396,0.2436242796349843,-0.14525518746725052,-0.12815149032805243,-0.017434324070518578,0.1397891981716451,0.1121616094631774,0.23793640205634728,0.07383817309890922,0.2654946786327519,0.04962093995369248,0.06016470347237907,0.12963827116460847,0.27805464685893316,0.08254695880176192,-0.034794776424990015,HF,2017,341026,1,HF34102612018,FAGR,7.79717648394429,7.91611767902101,198.886133242498,0.0690207539213137,2.42446885153065,7.79998589446376,7.91611767902101,0.995636303753012,0.0465465184269492,-99,-0.150385595218669,0.0147789683083075,0.11613178455725,186,0.00205214167429624,7.79998589446376,-99,132,Inf,187,149,229,157,218,Inf,80,61,1,0,1,1,HF,2017,Fall,yes
