SITE,YEAR,TREE_ID,BAND_NUM,UNIQUE_ID,SP,L,K,doyip,r,theta,a,b,r.squared,ts.sd,alt.a,WD,RGR,GR,Max.growth.day,Max.growth.rate,Size.a,Size.alt.a,Start.g,Stop.g,Median.g,DOY.05,DOY.95,DOY.10,DOY.90,GS_Length,GS.90,GS.80,GROWTH_SIGNAL,Size.mature,DOY.fastGR,WD.class
SERC,2017,10088,1,SERC1008812019,FAGR,29.4859809663907,29.804398920205,194.355389940898,0.0505146196103488,2.66184006827065,29.4995143041763,29.804398920205,0.997723647915893,0.116771632115935,-99,0.0963312045195424,0.0102821984443238,0.304884616028698,175,0.00402097503071275,29.4995143041763,-99,113,Inf,177,129,234,139,219,Inf,105,80,1,1,1,1
SERC,2018,10088,1,SERC1008812019,FAGR,29.8000089306713,30.1665214487665,181.263824919513,0.0464269411336112,1.14799372776162,29.8130331423185,30.1665214487665,0.995226483718991,0.139888899875245,29.804398920205,-0.0895415662818767,0.011787096503987,0.353488306448,178,0.00425362858488398,29.8130331423185,29.804398920205,107,Inf,180,127,243,138,226,Inf,116,88,1,1,1,1
SERC,2019,10088,1,SERC1008812019,FAGR,30.1709025773791,30.4630655148236,175.933399786256,0.0635822984252022,1.48764537038398,30.1771597732405,30.4630655148236,0.995764685697477,0.120133313075128,30.1665214487665,-0.206348598582901,0.00942964373037869,0.2859057415831,170,0.00464324544065065,30.1771597732405,30.1665214487665,110,Inf,170,129,216,138,205,Inf,87,67,1,1,0,1
SERC,2017,10263,1,SERC1026312019,FAGR,18.4392127861558,19.2706933963138,202.878221484295,0.0396243069663151,2.89436620423251,18.4995088944206,19.2706933963138,0.996755274983222,0.286159763447568,-99,0.14173854027698,0.0408412794970934,0.771184501893199,176,0.00823643075992209,18.4995088944206,-99,112,Inf,180,126,252,135,234,Inf,126,99,1,0,1,1
SERC,2018,10263,1,SERC1026312019,FAGR,19.2477945788804,20.0267277564192,196.314353119242,0.0430887994958565,1.93198157267574,19.2787457250919,20.0267277564192,0.994129539790076,0.293765869711843,19.2706933963138,-0.138452370659777,0.038064537889829,0.7479820313273,181,0.0083904956190537,19.2787457250919,19.2706933963138,107,Inf,183,127,250,138,233,Inf,123,95,1,0,1,1
SERC,2019,10263,1,SERC1026312019,FAGR,20.0308738026238,20.5403563447346,154.651395382302,0.0851510489641032,0.672205051931541,20.0390409301594,20.5403563447346,0.997090515261839,0.187017479548439,20.0267277564192,-0.268132223665152,0.0247091358735831,0.501315414575203,159,0.0108421440757986,20.0390409301594,20.0267277564192,111,Inf,160,128,194,135,185,Inf,66,50,1,0,0,1
SERC,2017,10393,1,SERC1039312019,FAGR,67.286116019436,67.5635494045996,205.195100453246,0.0471937128076785,4.81992078311125,67.3,67.5635494045996,0.996121352443922,0.0985804988497745,-99,-0.197685803110926,0.0039083909811195,0.263549404599601,172,0.00327309498082684,67.3,-99,109,Inf,174,125,235,134,220,Inf,110,86,1,1,1,1
SERC,2018,10393,1,SERC1039312019,FAGR,67.5781432069491,67.9137400657778,205.023747505273,0.0504049211603946,5.01849354314345,67.5893328723582,67.9137400657778,0.992954114352879,0.129019254283594,67.5635494045996,-0.0774378325944235,0.00478819861702018,0.324407193419603,173,0.00422870836828793,67.5893328723582,67.5635494045996,106,Inf,174,125,232,135,217,Inf,107,82,1,1,1,1
SERC,2019,10393,1,SERC1039312019,FAGR,67.9347485971203,68.2291352375359,151.68239797656,0.0696966239463107,0.444499973200337,67.9409194086386,68.2291352375359,0.996922822236212,0.121564823047375,67.9137400657778,-1.37582215464332,0.00423318122393557,0.288215828897293,163,0.00512829896977962,67.9409194086386,67.9137400657778,108,Inf,164,126,206,135,195,Inf,80,60,1,1,0,0
HF,2017,10481,1,HF1048112018,FAGR,19.0965606226705,19.2772073424914,184.259446971282,0.100648681817723,4.17821074423442,19.0999984657079,19.2772073424914,0.996171432439897,0.0696517060735025,-99,-0.770121414839388,0.00923517658670159,0.177208876783503,170,0.00454447247072309,19.0999984657079,-99,131,Inf,170,144,200,150,192,Inf,56,42,1,0,0,0
HF,2018,10481,1,HF1048112018,FAGR,19.2899248832705,19.5443600023761,183.686226674734,0.0853679847659379,3.39221193960939,19.2945860919541,19.5443600023761,0.996364330496494,0.110809287096384,19.2772073424914,-0.53936140456105,0.0128622106934575,0.249773910422,169,0.00542791810595489,19.2945860919541,19.2772073424914,123,Inf,170,139,204,146,195,Inf,65,49,1,0,0,0
SERC,2017,10824,1,SERC1082412019,FAGR,80.8916053298551,81.157759166915,172.819441401517,0.0257570439685955,3.49566143436362,81.0000028482863,81.157759166915,0.975836404253207,0.0518509756840762,-99,1.07765997479566,0.00194571467240046,0.157756318628699,124,0.00171379530917193,81.0000028482863,-99,110,Inf,158,114,260,119,232,Inf,146,113,1,1,0,1
SERC,2018,10824,1,SERC1082412019,FAGR,81.1659148459825,81.2895820917574,158.875823162785,0.13431818103946,1.20256289540719,81.1672735154739,81.2895820917574,0.965772772904927,0.0537270561747025,81.157759166915,-1.45608530253736,0.00150573638686957,0.122308576283501,158,0.0041465053378289,81.1672735154739,81.157759166915,124,Inf,158,137,180,142,174,Inf,43,32,1,1,0,0
SERC,2019,10824,1,SERC1082412019,FAGR,81.2925491495291,81.4706354044755,162.826758706071,0.0876216282111988,2.84063540550288,81.2987515618211,81.4706354044755,0.992466746517109,0.0721875400200348,81.2895820917574,-3.23356461770164,0.00211199304425502,0.171883842654395,151,0.00390036954860307,81.2987515618211,81.2895820917574,113,Inf,152,124,185,129,176,Inf,61,47,1,1,0,0
SERC,2017,10825,1,SERC1082512019,FAGR,91.711481778492,92.3615328864713,167.085080817746,0.0235331321201595,1.71323603149992,91.9,92.3565174941484,0.996354817562358,0.149790822821511,-99,-0.377749455718164,0.00495524863365482,0.4565174941484,144,0.00382436775734618,91.9,-99,106,351,169,113,276,120,249,245,163,129,1,1,0,1
SERC,2018,10825,1,SERC1082512019,FAGR,92.3390283803259,92.8612105244495,205.990689553758,0.0400783529278031,3.54233330523238,92.365460647348,92.8612105244495,0.992086379656484,0.18857242433413,92.3565174941484,0.517764516646948,0.00535291227466406,0.495749877101503,174,0.00523148138648821,92.365460647348,92.3565174941484,101,Inf,177,119,249,130,231,Inf,130,101,1,1,1,1
SERC,2019,10825,1,SERC1082512019,FAGR,92.8553756788218,93.4596087856879,175.890444493562,0.0406768738396886,1.2774304586115,92.8867085023732,93.4596087856879,0.995247342355559,0.217004554047045,92.8612105244495,-0.492038772286029,0.00614878895005955,0.572900283314709,170,0.00614432439817847,92.8867085023732,92.8612105244495,98,Inf,172,116,244,127,225,Inf,128,98,1,1,0,0
HF,2017,11825,1,HF1182512018,FAGR,8.99792310850675,9.00960500275373,183.031615934514,0.133465236915328,1.18869849233504,8.9980694663552,9.00960500275373,0.965421810950582,0.00528580647080948,-99,0.0110600741318301,0.0012811801986099,0.0115355363985294,182,0.000389516752981933,8.9980694663552,-99,149,Inf,182,161,204,166,198,Inf,43,32,1,0,1,1
HF,2018,11825,1,HF1182512018,FAGR,9.01826829723347,9.0513711441873,173.093956040896,0.0707846221441857,0.92320136603489,9.0191259357447,9.0513711441873,0.986265571534893,0.0140350850830298,9.00960500275373,-0.294793673629231,0.00356882741236131,0.0322452084425997,174,0.000585695566178046,9.0191259357447,9.00960500275373,123,Inf,175,139,216,147,206,Inf,77,59,1,0,1,1
HF,2017,12775,1,HF1277512018,FAGR,4.99692821836966,5.00000639227916,126.465833776888,-1.93383450750595,3.0985630042246,4.99999895206691,5.00000639227916,0,0.0020190764539983,-99,0,1.48804165478467e-06,7.44021224985403e-06,365,0,4.99999895206691,-99,124,-Inf,124,124,122,124,123,-Inf,-2,-1,0,0,0,1
HF,2018,12775,1,HF1277512018,FAGR,4.99134954918947,4.99712147460123,114.000411559685,0.00836090282353628,0.994104128339335,4.99134954918947,4.99712147460123,0.206955001895533,0.00153503524240691,5.00000639227916,0.322245400923339,0.00115571763495481,0.00577192541175986,115,NA,4.99134954918947,5.00000639227916,-Inf,Inf,115,-237,467,-148,378,Inf,704,526,0,0,0,1
SERC,2017,20948,1,SERC2094812019,FAGR,14.4956188978263,14.7432336839706,194.66178276587,0.0557839409181213,2.50485696695692,14.5,14.7432336839706,0.992084966687031,0.0950606132528121,-99,-0.0556452678774946,0.0166355948188666,0.243233683970599,178,0.0034528994837153,14.5,-99,106,Inf,179,131,231,142,218,Inf,100,76,1,0,1,1
SERC,2018,20948,1,SERC2094812019,FAGR,14.7449760823414,14.9030787517719,192.990573632492,0.0695788721135078,7.40667862530412,14.7480723585315,14.9030787517719,0.992355371782907,0.0639150036925141,14.7432336839706,0.191596321646682,0.0104554325542821,0.1550063932404,164,0.00274972450843336,14.7480723585315,14.7432336839706,108,Inf,165,127,207,135,196,Inf,80,61,1,0,0,1
SERC,2019,20948,1,SERC2094812019,FAGR,14.9047336094368,15.0662598252916,169.505857137196,0.073709421817008,1.56113798815208,14.908270884023,15.0662598252916,0.996742172744326,0.0675821714527201,14.9030787517719,-0.389162571058257,0.0105416432275667,0.157988941268599,163,0.0029752979987876,14.908270884023,14.9030787517719,112,Inf,164,129,204,136,194,Inf,75,58,1,0,0,1
SERC,2017,20961,1,SERC2096112019,FAGR,61.7826111290379,61.969118322239,180.21123087057,0.0468320257915438,2.91464764584425,61.8,61.969118322239,0.988447833180883,0.0597627690626858,-99,0.0185497871698383,0.00273280491583971,0.169118322239001,157,0.00218336468119418,61.8,-99,109,Inf,161,118,222,126,207,Inf,104,81,1,1,0,1
SERC,2018,20961,1,SERC2096112019,FAGR,61.9779697833923,62.1805347378677,195.060105707215,0.0804112630402167,19.6978488107073,61.98536221998,62.1805347378677,0.991642003567378,0.0813973357842003,61.969118322239,1.22104165157591,0.00314374048610944,0.195172517887706,158,0.00407157728621144,61.98536221998,61.969118322239,117,Inf,159,128,195,135,186,Inf,67,51,1,1,0,1
SERC,2019,20961,1,SERC2096112019,FAGR,62.2001357232285,62.4446661413261,162.868449855368,0.079575906532487,1.99661339846767,62.2051324664942,62.4446661413261,0.996715356573855,0.100004740836549,62.1805347378677,-1.78025638966342,0.00384331097769763,0.239533674831904,154,0.00486379350674326,62.2051324664942,62.1805347378677,106,Inf,155,122,191,129,182,Inf,69,53,1,1,0,0
HF,2017,22660,1,HF2266012018,FAGR,11.2978783143667,11.3758593475266,199.204740177836,0.0913881087067877,3.22939556489368,11.2992059780641,11.3758593475266,0.995992664165562,0.0326293547414432,-99,-0.204589591999656,0.00676105319731812,0.0766533694625,186,0.00178079636732953,11.2992059780641,-99,142,Inf,187,157,219,164,211,Inf,62,47,1,0,1,1
HF,2018,22660,1,HF2266012018,FAGR,11.3796160122822,11.5636539247716,162.257015502568,0.0822894024205636,0.278087013467863,11.3825422074653,11.5636539247716,0.997514097728187,0.0799993460973726,11.3758593475266,-0.58778342399426,0.0157861004367073,0.181111717306299,178,0.00378532646403507,11.3825422074653,11.3758593475266,128,Inf,178,145,214,153,205,Inf,69,52,1,0,1,0
HF,2017,30156,1,HF3015612018,FAGR,10.3968208000933,10.5304070997468,175.905754084758,0.0874601864470554,0.54498106892349,10.4,10.5304070997468,0.997618359726176,0.0546998118874504,-99,-0.0948771321374989,0.0124611801958574,0.130407099746799,183,0.0029202730839426,10.4,-99,140,Inf,183,154,217,160,208,Inf,63,48,1,0,1,1
HF,2018,30156,1,HF3015612018,FAGR,10.5494170723799,10.7387319514145,179.25588129089,0.0754796720680684,0.660945521707234,10.5494868917535,10.7387319514145,0.998258991984882,0.079137064806034,10.5304070997468,-0.480443167452013,0.0177797913850966,0.189245059661001,185,0.00357159356938652,10.5494868917535,10.5304070997468,80,Inf,185,146,224,156,214,Inf,78,58,1,0,1,0
SERC,2017,30193,1,SERC3019332019,FAGR,32.5737875285418,33.2042105060737,170.921356779918,0.0486082566241567,0.924752385009792,32.6025560517428,33.2042105060737,0.997639532516647,0.24582903906286,-99,-0.259827543687403,0.0182859985590409,0.601654454330898,173,0.00765956718407068,32.6025560517428,-99,110,Inf,174,126,234,135,219,Inf,108,84,1,1,1,1
SERC,2018,30193,1,SERC3019332019,FAGR,33.2112460904975,33.3155877036966,152.057201804189,0.186976815302995,7.40694605073439,33.2114501510518,33.3155877036966,0.960488046206909,0.0330467414452719,33.2042105060737,-1.20165689497557,0.00313068614082024,0.104137552644801,141,0.0048686797233799,33.2114501510518,33.2042105060737,108,Inf,141,126,157,130,153,Inf,31,23,1,1,0,0
SERC,2017,30193,2,SERC3019332019,FAGR,NA,NA,NA,NA,NA,NA,NA,-99,0.00524738515965738,33.3155877036966,NA,NA,NA,NA,NA,NA,NA,NA,NA,NA,NA,NA,NA,NA,NA,NA,NA,0,NA,NA,NA
SERC,2018,30193,2,SERC3019332019,FAGR,33.1994717734057,33.7559249945234,193.119323682343,0.0568779739383746,2.67263704474411,33.2142944386703,33.7559249945234,0.998403068191258,0.231941016985558,NA,0.54552547112351,0.0161756186620732,0.541630555853096,176,0.00791177670843979,33.2142944386703,NA,113,Inf,177,132,228,141,215,Inf,96,74,1,1,1,1
SERC,2019,30193,2,SERC3019332019,FAGR,33.7324004094606,34.4424787018908,186.041676796949,0.0480246079999645,2.5372932549855,33.7679054850162,34.4424787018908,0.99728634373892,0.268793711913047,33.7559249945234,-1.04890486366673,0.0197798390442254,0.674573216874599,167,0.00852430909215229,33.7679054850162,33.7559249945234,105,Inf,169,120,229,130,214,Inf,109,84,1,1,0,0
SERC,2017,30277,1,SERC3027732019,FAGR,11,11.1389904789009,201.95188976589,0.0609772790389674,1.61138089997943,11,11.1389904789009,0.996630178212593,0.0574542652945704,-99,-0.000219966663210903,0.012556336310829,0.138990478900901,194,NA,11,-99,-Inf,Inf,194,146,242,158,230,Inf,96,72,1,0,1,1
SERC,2018,30277,1,SERC3027732019,FAGR,11.142242857324,11.3180225249111,158.277203728617,0.0998147754196127,0.271019728186328,11.1471401138577,11.3180225249111,0.991747976517975,0.0506307026663287,11.1389904789009,-0.358340399334215,0.0152133959273888,0.1708824110534,171,0.00438405030225475,11.1471401138577,11.1389904789009,136,Inf,172,146,201,152,194,Inf,55,42,1,0,0,1
SERC,2018,30277,2,SERC3027732019,FAGR,11.142582415282,11.4246717622792,205.766610324218,0.057121464919133,2.19155806484732,11.1467939513603,11.4246717622792,0.995617724445903,0.115516010603001,11.3180225249111,-0.269531533921951,0.0246232880243737,0.2778778109189,192,0.00402806227014985,11.1467939513603,11.3180225249111,119,Inf,193,145,244,156,231,Inf,99,75,1,0,1,1
SERC,2019,30277,2,SERC3027732019,FAGR,11.4214542784425,11.8601483158991,166.922909277359,0.0532219264636535,0.584635471313714,11.4343595659122,11.8601483158991,0.99754760232299,0.171372396459159,11.4246717622792,-0.0879165657058192,0.0365610796205171,0.4257887499869,177,0.0058366907316092,11.4343595659122,11.4246717622792,111,Inf,178,131,233,141,219,Inf,102,78,1,0,1,1
SERC,2017,30900,1,SERC3090012019,FAGR,29.9954126488048,30.105612426862,162.694070310919,0.0700075195332255,1.31194738402016,30.0006459634038,30.105612426862,0.991188849781427,0.0442679611290554,-99,-0.528073022204361,0.00349270019382653,0.104966463458197,159,0.00192842616960576,30.0006459634038,-99,116,Inf,160,127,202,133,191,Inf,75,58,1,1,0,0
SERC,2018,30900,1,SERC3090012019,FAGR,30.1218691806612,30.2097243583433,169.896047542344,0.055941504586185,2.06294929229365,30.1269110179101,30.2097243583433,0.991074809774507,0.03516534345306,30.105612426862,-1.42838382440923,0.00274504509303641,0.0828133404332014,157,0.00122860534670011,30.1269110179101,30.105612426862,107,Inf,159,119,211,126,197,Inf,92,71,1,1,0,0
SERC,2019,30900,1,SERC3090012019,FAGR,30.2162073284225,30.3793118040506,153.493107407448,0.10171473887388,1.06904312833511,30.2189164385757,30.3793118040506,0.995559957987331,0.0683011042399945,30.2097243583433,-1.44747552592923,0.00529374355320877,0.160395365474901,153,0.00414635283317821,30.2189164385757,30.2097243583433,113,Inf,153,127,182,133,175,Inf,55,42,1,1,0,0
SERC,2017,30971,1,SERC3097112019,FAGR,53.59440137316,53.7126223016142,176.416746346402,0.0641383691160192,6.79309472804287,53.6053733014485,53.7126223016142,0.970937450626582,0.0427265263439137,-99,0.959081206274838,0.00199871485237413,0.107249000165702,147,0.00189505904957343,53.6053733014485,-99,111,Inf,149,118,194,123,182,Inf,76,59,1,1,0,1
SERC,2018,30971,1,SERC3097112019,FAGR,53.7259317918939,53.867751640957,171.504707857235,0.0936006026095884,3.6232362743933,53.730545256774,53.867751640957,0.99081279658052,0.0614204931667854,53.7126223016142,-1.36347858825705,0.00255034628814421,0.137206384183003,158,0.00331754947868745,53.730545256774,53.7126223016142,122,Inf,158,132,190,137,182,Inf,58,45,1,1,0,0
SERC,2019,30971,1,SERC3097112019,FAGR,53.8877160608493,54.0608509076439,171.341848436604,0.112984743250946,23.1295091778144,53.8911309040889,54.0608509076439,0.978718176451789,0.0703939908633291,53.867751640957,-3.41059938995451,0.00314436364283566,0.169720003555007,144,0.00488581095271456,53.8911309040889,53.867751640957,109,Inf,144,120,170,126,163,Inf,50,37,1,1,0,0
SERC,2017,31048,1,SERC3104812019,FAGR,19.5009921273137,19.5796294026343,182.064584758541,0.107758452454157,3.59472924518426,19.5010472036617,19.5796294026343,0.994343704654109,0.0323501216541835,-99,-0.803320256737473,0.00402154270112076,0.078582198972601,170,0.00211772109066288,19.5010472036617,-99,103,Inf,170,143,198,150,191,Inf,55,41,1,0,0,0
SERC,2018,31048,1,SERC3104812019,FAGR,19.5885447727165,19.6879223195074,179.870683236659,0.0818661082630164,2.61693336833074,19.5911571767598,19.6879223195074,0.991025891774981,0.0419366080098805,19.5796294026343,-0.444342219414547,0.00492706752522309,0.0967651427476,168,0.00203358047018298,19.5911571767598,19.5796294026343,124,Inf,169,137,204,144,195,Inf,67,51,1,0,0,0
SERC,2019,31048,1,SERC3104812019,FAGR,19.6925116905748,19.8121438538079,141.701563028445,0.100728446641232,0.192270161960066,19.6939355013551,19.8121438538079,0.994996975300851,0.0522443558518831,19.6879223195074,-0.646430854003545,0.00598432986300779,0.1182083524528,158,0.00301191551784896,19.6939355013551,19.6879223195074,114,Inf,158,131,187,137,180,Inf,56,43,1,0,0,0
HF,2017,31078,1,HF3107812018,FAGR,NA,NA,NA,NA,NA,NA,NA,-99,0.0533089522911262,-99,NA,NA,NA,NA,NA,NA,NA,NA,NA,NA,NA,NA,NA,NA,NA,NA,NA,0,NA,NA,NA
HF,2018,31078,1,HF3107812018,FAGR,26.8752070333705,27.2176795602241,170.220986163733,0.0773801979016205,0.669051925842316,26.8753289615031,27.2176795602241,0.99370433544507,0.1473480463683,NA,-1.4836945703733,0.0126580191847836,0.342350598720998,175,0.0066226169333703,26.8753289615031,NA,73,Inf,175,137,213,147,204,Inf,76,57,1,1,1,0
SERC,2017,31246,1,SERC3124612019,FAGR,44.989838568453,45.154962702957,185.817675105543,0.0444908806055803,2.19759527613081,45.0018912979315,45.154962702957,0.995402463186305,0.0617255699918635,-99,-0.849765602762155,0.00339567199422408,0.1530714050255,168,0.00183654061170557,45.0018912979315,-99,111,Inf,171,123,236,132,219,Inf,113,87,1,1,0,0
SERC,2018,31246,1,SERC3124612019,FAGR,45.156472514765,45.3727984145886,165.335586469681,0.0571957902005449,0.902224260600475,45.1666965146137,45.3727984145886,0.993633717256263,0.0893969699176074,45.154962702957,-0.632865011670277,0.00455275912762776,0.206101899974904,167,0.00309297612491832,45.1666965146137,45.154962702957,115,Inf,169,128,220,136,206,Inf,92,70,1,1,0,0
SERC,2019,31246,1,SERC3124612019,FAGR,45.3817978040734,45.548958672444,160.820033415358,0.0727964234301716,1.2560301098404,45.3868106261078,45.548958672444,0.992088611552848,0.0677536733562588,45.3727984145886,-0.631461086972517,0.0035662142506796,0.162148046336199,158,0.00304145193878469,45.3868106261078,45.3727984145886,110,Inf,159,124,199,131,188,Inf,75,57,1,1,0,0
SERC,2017,40756,1,SERC4075612019,FAGR,75.5641931097528,75.6949552434716,162.112299317216,0.0190880651153352,1.11713141855034,75.602451356574,75.6949552434716,0.959311076277565,0.0322761325945922,-99,-3.09550965129295,0.00122280877779524,0.0925038868976031,156,0.000623988849682178,75.602451356574,-99,110,Inf,188,119,329,127,291,Inf,210,164,1,1,1,0
SERC,2018,40756,1,SERC4075612019,FAGR,75.7004847393649,75.8064908658492,158.012101824453,0.067740937956885,0.641996123984624,75.7055268798365,75.8064908658492,0.977814397970093,0.0443559041713667,75.6949552434716,1.45120264835533,0.00133275237779173,0.100963986012701,165,0.00179465805810253,75.7055268798365,75.6949552434716,120,Inf,166,131,209,138,198,Inf,78,60,1,1,0,1
SERC,2019,40756,1,SERC4075612019,FAGR,75.826697528869,75.9501832082835,179.118854524357,0.118418749383933,19.585816382505,75.827903177855,75.9501832082835,0.981224194521523,0.0525392339878504,75.8064908658492,-3.0838311289435,0.00161130054800651,0.122280030428499,154,0.00365468722866069,75.827903177855,75.8064908658492,115,Inf,154,131,179,136,173,Inf,48,37,1,1,0,0
SERC,2017,41014,1,SERC4101412019,FAGR,44.088731122168,44.2189560475273,143.561146135276,0.0562476243191581,0.63062010820901,44.0996264682466,44.2189560475273,0.986598178442878,0.0495009465378657,-99,-0.618806489500986,0.00270225468967933,0.119329579280702,152,0.00183100515712198,44.0996264682466,-99,109,Inf,155,118,206,124,193,Inf,88,69,1,1,0,0
SERC,2018,41014,1,SERC4101412019,FAGR,44.2367121670623,44.3662240056472,162.770270279338,0.0890435666522952,1.53821700452667,44.2393487786701,44.3662240056472,0.992677534975723,0.0562378267880786,44.2189560475273,-0.568113041016827,0.00286382243698435,0.126875226977099,158,0.00288254812141986,44.2393487786701,44.2189560475273,114,Inf,158,129,191,135,183,Inf,62,48,1,1,0,0
SERC,2019,41014,1,SERC4101412019,FAGR,44.3794797522859,44.5682261088818,158.602092785954,0.104886953118059,4.14652663880267,44.385802215795,44.5682261088818,0.995138017497448,0.0756869175710933,44.3662240056472,-2.3581908153341,0.00410153766523269,0.182423893086799,145,0.00494809948703079,44.385802215795,44.3662240056472,113,Inf,146,122,173,127,166,Inf,51,39,1,1,0,0
SERC,2017,41489,1,SERC4148912019,FAGR,46.8923811775226,47.0062013685187,172.910814191374,0.0537512247258275,2.11660524552224,46.9004194118063,47.0062013685187,0.989566424748077,0.0433525109546102,-99,-0.959324565633349,0.00225291892256418,0.105781956712406,159,0.00152939994003276,46.9004194118063,-99,111,Inf,162,121,215,129,201,Inf,94,72,1,1,0,0
SERC,2018,41489,1,SERC4148912019,FAGR,47.0163888599289,47.1147593797934,171.906935922067,0.0670676820013781,1.80714078413312,47.0200799002215,47.1147593797934,0.984408112563004,0.0412386292978046,47.0062013685187,1.29224559151397,0.0020115721707743,0.0946794795718944,163,0.00164920311502215,47.0200799002215,47.0062013685187,115,Inf,164,128,208,135,196,Inf,80,61,1,1,0,1
SERC,2019,41489,1,SERC4148912019,FAGR,47.1308751504532,47.1994285785514,178.8383834787,0.115385513394239,21.6290468859422,47.1316113468981,47.1994285785514,0.984478416690639,0.0290634918451569,47.1147593797934,-3.31388927307245,0.00143785637030724,0.0678172316533008,152,0.00197671482877126,47.1316113468981,47.1147593797934,113,Inf,152,128,178,134,171,Inf,50,37,1,1,0,0
SERC,2017,41544,1,SERC4154412019,FAGR,44.4889131604019,44.5596330341727,172.928121547228,0.0372529522760292,1.89556485777617,44.49976452222,44.5596330341727,0.958027175019254,0.0238146107236148,-99,0.678780039670628,0.00134446274314604,0.0598685119527005,156,0.000658598954508705,44.49976452222,-99,110,Inf,164,118,239,125,220,Inf,121,95,1,1,0,1
SERC,2018,41544,1,SERC4154412019,FAGR,44.575749143283,44.6271729800431,175.468159574475,0.0869802940230698,4.72476283682803,44.5772216295843,44.6271729800431,0.976587367896679,0.0229029602760204,44.5596330341727,-2.46070446767488,0.00111993037783265,0.0499513504587981,158,0.00111772669851717,44.5772216295843,44.5596330341727,117,Inf,158,129,192,135,183,Inf,63,48,1,1,0,0
SERC,2019,41544,1,SERC4154412019,FAGR,44.6479951372561,44.7086891938218,140.235500244041,0.131852383625603,0.255897517315999,44.6491378288342,44.7086891938218,0.979424951660005,0.0254743634906235,44.6271729800431,-3.0249281694593,0.00133287426044593,0.0595513649875983,151,0.00199835483742561,44.6491378288342,44.6271729800431,121,Inf,151,131,173,135,167,Inf,42,32,1,1,0,0
HF,2017,41587,1,HF4158712018,FAGR,28.1993816662639,28.2130766833246,201.317114905138,0.142369856085736,19.610540419616,28.1995362295497,28.2130766833246,0.893622265994935,0.00622609166715771,-99,-0.560974433266919,0.000480050589248382,0.0135404537749011,180,0.000486812625208444,28.1995362295497,-99,149,Inf,181,161,201,166,196,Inf,40,30,1,1,1,0
HF,2018,41587,1,HF4158712018,FAGR,28.2500125442993,28.2731334431919,199.113296384601,0.0487870312708276,2.77046721714268,28.2524595945329,28.2731334431919,0.942208431783001,0.0089897281858188,28.2130766833246,1.10856673521582,0.000731486339896836,0.0206738486589977,178,0.000281977432294411,28.2524595945329,28.2130766833246,134,Inf,183,143,241,149,226,Inf,98,77,1,1,1,1
SERC,2017,41628,1,SERC4162812019,FAGR,37.2892678340753,37.4664698266751,176.86054758417,0.0493171562216119,2.0373787754019,37.3022632844205,37.4664698266751,0.992944888061874,0.0664455346857689,-99,-1.66336116427487,0.00439239236580624,0.164206542254604,162,0.00218441811026793,37.3022632844205,-99,111,Inf,165,122,224,130,209,Inf,102,79,1,1,0,0
SERC,2018,41628,1,SERC4162812019,FAGR,37.4734624860085,37.6222878722475,164.890186962699,0.084129878783816,2.16276403296834,37.4785453663771,37.6222878722475,0.990967919477879,0.0634322965910451,37.4664698266751,-0.787167922511222,0.00382799165333969,0.143742505870399,156,0.0031292736754267,37.4785453663771,37.4664698266751,116,Inf,157,127,191,133,182,Inf,64,49,1,1,0,0
SERC,2019,41628,1,SERC4162812019,FAGR,37.6280614619487,37.7983313082669,163.324984662018,0.0961741744482754,4.02247892508008,37.6322005565173,37.7983313082669,0.991879398424939,0.0684354856623129,37.6222878722475,-0.980444792981208,0.00440487469094908,0.166130751749606,149,0.00409289543024016,37.6322005565173,37.6222878722475,110,Inf,149,122,180,128,172,Inf,58,44,1,1,0,0
SERC,2017,41658,1,SERC4165812019,FAGR,43.5873543376492,43.7989316247871,150.947699810164,0.0502324498882451,0.604712369488543,43.6005454873669,43.7989316247871,0.994178535376002,0.0806109339443454,-99,-2.63723092818644,0.00453976350189489,0.198386137420201,161,0.00265686917801133,43.6005454873669,-99,107,Inf,163,119,221,127,206,Inf,102,79,1,1,0,0
SERC,2018,41658,1,SERC4165812019,FAGR,43.8077234271486,44.0237975575444,163.134963848798,0.0735467204723676,1.20435200696902,43.8146271530744,44.0237975575444,0.996157472377881,0.0922034733459288,43.7989316247871,1.20923441201274,0.00476262639127523,0.209170404470001,161,0.0039716079469585,43.8146271530744,43.7989316247871,114,Inf,161,127,201,135,191,Inf,74,56,1,1,0,1
SERC,2019,41658,1,SERC4165812019,FAGR,44.0386516255042,44.3148568445096,170.792339640953,0.073048610902521,3.5203396912312,44.0485938052158,44.3148568445096,0.995945149073931,0.108633498399701,44.0237975575444,-2.1188420958641,0.00602656060197715,0.266263039293797,154,0.00504225874471587,44.0485938052158,44.0237975575444,109,Inf,155,121,194,128,184,Inf,73,56,1,1,0,0
SERC,2017,42177,1,SERC4217712019,FAGR,48.5915829934308,48.8065137381433,176.726799508923,0.057239572322017,2.14868603394476,48.6021780515865,48.8065137381433,0.99538585657771,0.0841590186318326,-99,-1.73172613082578,0.00419543641380304,0.204335686556803,163,0.00307509160282393,48.6021780515865,-99,112,Inf,165,124,216,132,203,Inf,92,71,1,1,0,0
SERC,2018,42177,1,SERC4217712019,FAGR,48.818414172069,48.9540840942913,172.515789755669,0.0712936874920918,2.8292211893261,48.8238691704371,48.9540840942913,0.98949134642247,0.0577467553108379,48.8065137381433,0.955687860756962,0.00266348387313764,0.130214923854197,158,0.00241783041163757,48.8238691704371,48.8065137381433,113,Inf,159,125,200,132,189,Inf,75,57,1,1,0,1
SERC,2019,42177,1,SERC4217712019,FAGR,48.9700093939475,49.1496475417491,164.99144900545,0.0783785925475314,2.4533924571496,48.9758984184143,49.1496475417491,0.990847001592173,0.0711616473491267,48.9540840942913,-1.22104527526771,0.00354136740276978,0.173749123334794,154,0.0035183576672253,48.9758984184143,48.9540840942913,110,Inf,154,123,192,129,182,Inf,69,53,1,1,0,0
SERC,2017,42277,1,SERC4227722019,FAGR,12.6882744411908,12.9607240631596,218.320275188751,0.0592364226773298,19.2848893257219,12.689245240814,12.9607240631596,0.99691316738495,0.111385540483674,-99,-0.669408037590434,0.0211687551661832,0.2714788223456,168,0.00403397546936191,12.689245240814,-99,73,Inf,168,120,218,132,206,Inf,98,74,1,0,0,0
SERC,2018,42277,1,SERC4227722019,FAGR,12.9730074184769,13.1460235652653,171.935074133227,0.0775533546635753,2.29335534143659,12.9762825542903,13.1460235652653,0.992265100496107,0.0760865824407201,12.9607240631596,0.507926081522033,0.0129960501387751,0.169741010975001,161,0.00335380274265873,12.9762825542903,12.9607240631596,110,Inf,162,127,199,135,190,Inf,72,55,1,0,0,1
SERC,2019,42277,1,SERC4227722019,FAGR,13.1455002892499,13.3105434119097,163.775864166671,0.0842036696450225,2.46778215403968,13.149486643508,13.3105434119097,0.996156636050015,0.0670036638261473,13.1460235652653,-0.641114508798049,0.0121737395694326,0.1610567684017,153,0.00347378181165325,13.149486643508,13.1460235652653,109,Inf,154,123,188,130,179,Inf,65,49,1,0,0,0
SERC,2019,42277,2,SERC4227722019,FAGR,NA,NA,NA,NA,NA,NA,NA,-99,0.00120073323564344,13.3105434119097,NA,NA,NA,NA,NA,NA,NA,NA,NA,NA,NA,NA,NA,NA,NA,NA,NA,0,NA,NA,NA
SERC,2017,43107,1,SERC4310712019,FAGR,49.4012539970904,49.4341281699681,159.196861195699,0.0209610766829905,0.101034549664674,49.4028950014199,49.4341281699681,0.815910566449199,0.00816630514250838,-99,-0.0597657362776551,0.000632013563048872,0.0312331685481979,269,0.000172264213681217,49.4028950014199,-99,128,Inf,273,162,412,184,376,Inf,250,192,1,1,1,1
SERC,2018,43107,1,SERC4310712019,FAGR,49.4325079178907,49.5026381961745,171.955723062249,0.0641356303747516,1.61249768778116,49.4369769477285,49.5026381961745,0.880568483856963,0.0279592173900642,49.4341281699681,0.686262812405783,0.00132729964615796,0.0656612484459984,165,0.00112408415527909,49.4369769477285,49.4341281699681,123,Inf,166,132,211,138,200,Inf,79,62,1,1,0,1
SERC,2019,43107,1,SERC4310712019,FAGR,49.5252757812136,49.5851571959108,180.183318180388,0.141805354900869,17.5411394818305,49.5256341105168,49.5851571959108,0.822064969246328,0.0255968299552951,49.5026381961745,-3.39043043385325,0.00120114251467029,0.0595230853940052,160,0.00212198424996757,49.5256341105168,49.5026381961745,124,Inf,160,140,181,145,176,Inf,41,31,1,1,0,0
SERC,2017,43245,1,SERC4324522019,FAGR,20.6823825026247,21.162902888251,181.989104950981,0.0517321534845137,1.55912530323985,20.6998245814865,21.162902888251,0.998968576845627,0.190712627455659,-99,-1.09210644528162,0.0221245592051482,0.463078306764501,173,0.00621356361777359,20.6998245814865,-99,110,Inf,175,127,231,137,217,Inf,104,80,1,0,1,0
SERC,2018,43245,1,SERC4324522019,FAGR,21.1567044211707,21.6232799882261,185.276997387455,0.0487291282777204,1.7485953365421,21.1761270939749,21.6232799882261,0.996090879831459,0.189007537018699,21.162902888251,-0.22375829526129,0.0208960448378188,0.4471528942512,174,0.00568355126857512,21.1761270939749,21.162902888251,109,Inf,176,126,235,136,220,Inf,109,84,1,0,1,1
SERC,2019,43245,1,SERC4324522019,FAGR,21.6175221451979,22.0533172729949,173.152104121861,0.0549781147580923,1.34514735761047,21.6352323302615,22.0533172729949,0.997753524574114,0.171265640547064,21.6232799882261,-1.2629903372123,0.0191399215478758,0.418084942733401,168,0.00598915863779581,21.6352323302615,21.6232799882261,110,Inf,169,125,222,134,209,Inf,97,75,1,0,0,0
SERC,2017,43247,1,SERC4324722019,FAGR,6.6897417863419,6.71054675477406,116.996583050734,0,1.01845353413919,6.6897417863419,6.71054675477406,0,0.00257057831086808,-99,NA,0.00310515480097151,0.0208049684321603,365,NA,6.6897417863419,-99,-Inf,Inf,-Inf,-Inf,Inf,-Inf,Inf,Inf,Inf,Inf,0,0,0,NA
SERC,2018,43247,1,SERC4324722019,FAGR,6.69859583763171,6.71631976401372,179.039603378175,0.00347915190349697,0.500668347977585,6.70461873087222,6.71631976401372,0.0656884360960692,0.00328169140940677,6.71054675477406,0.0427538224078905,0.00174369864085033,0.0117010331415006,365,1.54083123096171e-05,6.70461873087222,6.71054675477406,187,Inf,581,228,1349,268,1139,Inf,1121,871,0,0,1,1
SERC,2019,43247,1,SERC4324722019,FAGR,6.7042521653817,6.70552408717953,113.901876893535,0.0246532300290722,14.4708335920639,6.7052903378582,6.70552408717953,0.0344105696829111,0.00065672064820432,6.71631976401372,0.592602719203371,3.48598249062526e-05,0.000233749321330023,6,4.70295560184297e-06,6.7052903378582,6.71631976401372,66,Inf,98,69,195,71,167,Inf,126,96,0,0,0,1
SERC,2017,43420,1,SERC4342012019,FAGR,86.5942841684952,86.7434757988482,198.157908161455,0.0639315663119177,8.07481818092383,86.5996712399082,86.7434757988482,0.98564951591617,0.0606290135555951,-99,3.43425176451419,0.0016591898138083,0.143804558939991,165,0.00238373483179544,86.5996712399082,-99,114,Inf,167,128,212,136,200,Inf,84,64,1,1,0,1
SERC,2018,43420,1,SERC4342012019,FAGR,86.8605826395447,86.9435722802212,215.872357547899,0.0396619962746843,2.73189713919516,86.8660855005575,86.9435722802212,0.906468628591619,0.0340976244955535,86.7434757988482,-4.35445686038713,0.000891628069309647,0.0774867796637011,191,0.000822786275278986,86.8660855005575,86.7434757988482,124,Inf,194,139,267,149,248,Inf,128,99,1,1,1,0
SERC,2019,43420,1,SERC4342012019,FAGR,86.9849162716164,87.1099816028751,163.935852916663,0.0816492969385574,1.11155999517412,86.987671637391,87.1099816028751,0.979503232404709,0.051222604551054,86.9435722802212,-6.39995262340323,0.00140507334050799,0.122309965484092,163,0.00255197009593644,86.987671637391,86.9435722802212,116,Inf,163,131,199,138,190,Inf,68,52,1,1,0,0
SERC,2017,50913,1,SERC5091312019,FAGR,25.3927342223966,25.6579457056355,194.598238029464,0.0546216415579443,3.39055084628603,25.4,25.6579457056355,0.997205457153588,0.098015315720833,-99,-0.0459699713778961,0.0101041237210477,0.2579457056355,172,0.00362118498600594,25.4,-99,107,Inf,173,127,227,137,213,Inf,100,76,1,1,1,1
SERC,2018,50913,1,SERC5091312019,FAGR,25.6579100686226,25.8454204370398,200.296836563312,0.0595347586856256,6.78568981731468,25.6629820188156,25.8454204370398,0.989704762207777,0.0744068732679853,25.6579457056355,0.0139612097182155,0.00708386097950076,0.182438418224198,168,0.00279059578386054,25.6629820188156,25.6579457056355,108,Inf,169,126,218,135,206,Inf,92,71,1,1,0,1
SERC,2019,50913,1,SERC5091312019,FAGR,25.844776201722,26.122599761582,169.632860323008,0.0730201723827379,2.36489963709583,25.8511921213644,26.122599761582,0.996835457639186,0.113272264498057,25.8454204370398,-0.753606542795289,0.0104441141377167,0.2714076402176,158,0.00507095587378714,25.8511921213644,25.8454204370398,107,Inf,158,123,199,131,188,Inf,76,57,1,1,0,0
SERC,2017,60322,1,SERC6032212019,FAGR,14.785076570251,15.1623865180651,186.203649760215,0.0475259472477325,1.33904407554751,14.8001416492929,15.1623865180651,0.996081706338367,0.138948532655834,-99,-0.209837676397266,0.0241810382381957,0.3622448687722,180,0.00448278294255999,14.8001416492929,-99,113,Inf,182,131,243,141,227,Inf,112,86,1,0,1,1
SERC,2018,60322,1,SERC6032212019,FAGR,15.1566648752994,15.5235853875662,209.73132925924,0.0511096791390028,7.57812722199565,15.1713968340593,15.5235853875662,0.991337166792142,0.140995193701329,15.1623865180651,0.0327441942303757,0.0229486374814476,0.352188553506901,170,0.00468800825261262,15.1713968340593,15.1623865180651,108,Inf,172,124,229,134,214,Inf,105,80,1,0,0,1
SERC,2019,60322,1,SERC6032212019,FAGR,15.5232530245423,15.869322255406,177.386627735995,0.0620843973570241,1.91961797116618,15.5347371035626,15.869322255406,0.996343272395545,0.13982481057138,15.5235853875662,0.0697653312982689,0.021309207748601,0.334585151843401,167,0.00537087250346957,15.5347371035626,15.5235853875662,113,Inf,168,128,215,136,203,Inf,87,67,1,0,0,1
HF,2017,60850,1,HF6085012018,FAGR,5.79530276908103,5.9165630756645,189.151562916979,0.0712088004631142,2.24176352431585,5.79999928691695,5.9165630756645,0.998501323871195,0.0459058704364946,-99,-0.152526441079364,0.0198979241546353,0.116563788747549,178,0.00215837861644275,5.79999928691695,-99,133,Inf,179,145,220,152,209,Inf,75,57,1,0,1,1
HF,2018,60850,1,HF6085012018,FAGR,5.92203762182477,6.13435660601529,190.579893756879,0.0567395649591377,1.33205175334878,5.92526127085026,6.13435660601529,0.997559827288008,0.083619382257227,5.9165630756645,-0.305771044365316,0.0346804175731898,0.20909533516503,186,0.00301097675040563,5.92526127085026,5.9165630756645,112,Inf,186,138,238,149,225,Inf,100,76,1,0,1,1
SERC,2017,70266,1,SERC7026612019,FAGR,21.3934340133544,21.8088358245881,187.761700036613,0.0604266639802539,1.47275425710293,21.4006928374976,21.8088358245881,0.999011161376121,0.17303272953004,-99,-0.503709118252465,0.0188919036446675,0.4081429870905,181,0.00627413736178539,21.4006928374976,-99,115,Inf,182,138,230,148,218,Inf,92,70,1,0,1,0
SERC,2018,70266,1,SERC7026612019,FAGR,21.8101551878241,22.1505765781791,189.671428788033,0.0562354853194728,2.26657126154554,21.8206304191568,22.1505765781791,0.997096101273868,0.142515198255883,21.8088358245881,-0.704522433027454,0.0150076549786529,0.329946159022299,175,0.00478557013908087,21.8206304191568,21.8088358245881,114,Inf,176,132,228,141,215,Inf,96,74,1,0,1,0
SERC,2019,70266,1,SERC7026612019,FAGR,22.1500394939287,22.4906032301598,195.484541531745,0.0671584316992372,5.20417006229464,22.1584597492866,22.4906032301598,0.997398301722091,0.141019172028206,22.1505765781791,-0.13645666549583,0.01487823419698,0.332143480873199,171,0.00571735697520026,22.1584597492866,22.1505765781791,116,Inf,172,133,215,142,204,Inf,82,62,1,0,0,1
SERC,2017,70361,1,SERC7036112019,FAGR,64.4926693388595,64.6173656677295,160.096977423798,0.0641816922227571,1.04912045422677,64.4991948033068,64.6173656677295,0.972300986954752,0.0444564911249289,-99,0.456351021224894,0.00183045299513029,0.118170864422694,159,0.00200038158322968,64.4991948033068,-99,114,Inf,161,125,206,132,195,Inf,81,63,1,1,0,1
SERC,2018,70361,1,SERC7036112019,FAGR,64.6315752916439,64.749963011856,142.951400704567,0.10204203181896,0.16814175839085,64.6359325285831,64.749963011856,0.987090436750266,0.0494306853945688,64.6173656677295,0.041592152817409,0.00176264209201715,0.114030483272899,160,0.00301806364913659,64.6359325285831,64.6173656677295,128,Inf,161,137,190,142,182,Inf,53,40,1,1,0,1
SERC,2019,70361,1,SERC7036112019,FAGR,64.7680120781365,64.8728627625508,143.606378976527,0.135238654401817,0.424205778641058,64.7721483443635,64.8728627625508,0.991467548183925,0.0437975343722338,64.749963011856,-3.21989903441856,0.00155369555045048,0.100714418187295,150,0.00354357128246363,64.7721483443635,64.749963011856,126,Inf,151,133,172,136,167,Inf,39,31,1,1,0,0
SERC,2017,70905,1,SERC7090512019,FAGR,57.5967443447733,57.709724129633,168.305169912585,0.0686011891223988,1.47986232694849,57.5999992361788,57.709724129633,0.974162069273486,0.0422874765342996,-99,-1.31926948066013,0.00190313398331465,0.109724893454199,163,0.00193706714739506,57.5999992361788,-99,111,Inf,163,126,206,134,195,Inf,80,61,1,1,0,0
SERC,2018,70905,1,SERC7090512019,FAGR,57.7339176507168,57.8778431130809,165.683898237716,0.0748991080747926,1.1182396276355,57.737850791806,57.8778431130809,0.992568674812675,0.0597022878294631,57.709724129633,0.518375527198364,0.00242168489350902,0.139992321274903,164,0.0026945182724134,57.737850791806,57.709724129633,116,Inf,165,131,204,138,194,Inf,73,56,1,1,0,1
SERC,2019,70905,1,SERC7090512019,FAGR,57.8941285851548,58.0538764741884,175.031940525079,0.101136227761369,13.2683067364746,57.8978600155702,58.0538764741884,0.994210326577012,0.0668361009085698,57.8778431130809,-2.15917658574819,0.00269106022030741,0.156016458618197,149,0.00403594888125269,57.8978600155702,57.8778431130809,113,Inf,150,124,179,130,171,Inf,55,41,1,1,0,0
SERC,2017,71429,1,SERC7142912019,FAGR,64.7894018351851,64.9927755534372,178.820917375727,0.0510176597334524,2.00677500719233,64.8013993800188,64.9927755534372,0.993712576237998,0.0781309100394179,-99,-3.79680832023812,0.00294891989108859,0.191376173418405,165,0.00259372439444405,64.8013993800188,-99,111,Inf,167,123,224,132,210,Inf,101,78,1,1,0,0
SERC,2018,71429,1,SERC7142912019,FAGR,65.0151694103525,65.207520941606,174.442504006797,0.0745669164941557,2.08085961611448,65.0195965059152,65.207520941606,0.996006596885851,0.0830915932467942,64.9927755534372,1.52899602050416,0.00288610498057196,0.187924435690803,165,0.00358461277589583,65.0195965059152,64.9927755534372,114,Inf,165,130,204,138,194,Inf,74,56,1,1,0,1
SERC,2019,71429,1,SERC7142912019,FAGR,65.2309351575679,65.4132725310346,194.441460434699,0.0845565107361765,23.3898749792755,65.2343597076141,65.4132725310346,0.992242431379461,0.0753330759534971,65.207520941606,-1.58613909204167,0.00273886226938291,0.17891282342049,157,0.00385370044675426,65.2343597076141,65.207520941606,110,Inf,158,126,192,133,183,Inf,66,50,1,1,0,0
HF,2017,80271,1,HF8027112018,FAGR,18.5973343479315,18.6969638037386,183.866656122962,0.0768644077514994,2.11858974729429,18.6,18.6969638037386,0.992471881124271,0.0375163783316525,-99,-0.735641664188639,0.00519956652257703,0.0969638037385998,174,0.00191422621393755,18.6,-99,127,Inf,175,141,213,149,203,Inf,72,54,1,0,1,0
HF,2018,80271,1,HF8027112018,FAGR,18.6994624281135,18.7693981673683,179.217175553368,0.0501438699674733,1.55237890744598,18.6996551935731,18.7693981673683,0.978211883115742,0.0268614652057809,18.6969638037386,-1.13302746001098,0.00372270170093758,0.0697429737952007,170,0.000876556325046352,18.6996551935731,18.6969638037386,53,Inf,171,113,229,127,214,Inf,116,87,1,0,0,0
SERC,2017,80322,1,SERC8032232019,FAGR,44.9715420678281,45.5646581330734,191.370351996811,0.0383539891613663,1.88368636196537,45.008275210327,45.5646581330734,0.998874068847409,0.217164569111566,-99,-3.04724818304595,0.0122860086526675,0.556382922746401,175,0.00568687662371303,45.008275210327,-99,104,Inf,178,120,253,131,234,Inf,133,103,1,1,1,0
SERC,2018,80322,1,SERC8032232019,FAGR,45.557473569942,45.9894064724812,160.140180409722,0.0637528652958716,1.04934398587248,45.5657293340711,45.9894064724812,0.995028785643048,0.102490323944633,45.5646581330734,-1.49150562411149,0.00925519161697697,0.423677138410099,159,0.00688262248479532,45.5657293340711,45.5646581330734,98,Inf,160,118,206,128,194,Inf,88,66,1,1,0,0
SERC,2018,80322,2,SERC8032232019,FAGR,45.5317528788368,46.2905707967336,187.450518177171,0.0372032661731843,1.0769850182984,45.5691033771597,46.2905707967336,0.996676533953159,0.28539057288523,45.9894064724812,-2.28526207576791,0.0157083564975213,0.721467419573898,185,0.00705691280641929,45.5691033771597,45.9894064724812,106,Inf,188,125,266,138,246,Inf,141,108,1,1,1,0
SERC,2019,80322,2,SERC8032232019,FAGR,46.2581009560929,47.0947761895332,192.608747748083,0.038005240581798,1.91848060435413,46.3008320513242,47.0947761895332,0.998143124869107,0.300873105015575,46.2905707967336,-2.71111730882403,0.0170021541427667,0.793944138209,175,0.00794864978136189,46.3008320513242,46.2905707967336,99,Inf,178,117,254,129,235,Inf,137,106,1,1,1,0
SERC,2017,80337,1,SERC8033722019,FAGR,49.982350353356,50.3637921321632,184.909848021152,0.0487981093474021,2.17643100122131,50.0008770554707,50.3637921321632,0.997686321253357,0.147413045303485,-99,-2.90607101872429,0.00723196043730034,0.362915076692495,169,0.00465317655446995,50.0008770554707,-99,108,Inf,171,123,230,132,215,Inf,107,83,1,1,0,0
SERC,2018,80337,1,SERC8033722019,FAGR,50.3691660456271,50.7429801685624,169.392371836869,0.0599542740650807,0.967091331951614,50.3812883171782,50.7429801685624,0.996389819815554,0.15629855102958,50.3637921321632,0.870424040907918,0.00715344395893025,0.361691851384194,170,0.00560250671974671,50.3812883171782,50.3637921321632,113,Inf,171,129,220,138,207,Inf,91,69,1,1,0,1
SERC,2019,80337,1,SERC8033722019,FAGR,50.7575617859754,51.1460828181656,161.076308234387,0.0706730559852745,1.1566309486726,50.7672130050446,51.1460828181656,0.995176302879839,0.145638842898064,50.7429801685624,-2.17020434923415,0.00743517429091733,0.378869813121,159,0.00686377537824256,50.7672130050446,50.7429801685624,107,Inf,160,123,201,131,191,Inf,78,60,1,1,0,0
SERC,2018,80337,2,SERC8033722019,FAGR,50.3720613029053,50.7485302927601,185.782470977102,0.065052290249167,2.84553012076556,50.3847907966823,50.7485302927601,0.997411828890914,0.158717951813088,51.1460828181656,-1.3030436349921,0.00719329812546032,0.363739496077798,170,0.00612144674848736,50.3847907966823,51.1460828181656,118,Inf,171,133,216,141,204,Inf,83,63,1,1,0,0
SERC,2019,80337,2,SERC8033722019,FAGR,50.7562966483478,51.2389631946601,176.565077280714,0.0541219867036634,2.01587189306874,50.7761753690205,51.2389631946601,0.997648926491582,0.185706433339763,50.7485302927601,-1.30306113887486,0.00907298675158286,0.462787825639602,164,0.00652959947794329,50.7761753690205,50.7485302927601,105,Inf,165,121,219,130,205,Inf,98,75,1,1,0,0
SERC,2017,80469,1,SERC8046922019,FAGR,5.40002496224747,5.44244985044565,173.920175094843,0.117376047784568,0.469467503077337,5.40002505504236,5.44244985044565,0.975761264157818,0.0199543876397999,-99,-0.34789569717792,0.00782570626848345,0.0424247954032895,180,0.00124399708220579,5.40002505504236,-99,69,Inf,180,155,205,162,199,Inf,50,37,1,0,1,1
SERC,2018,80469,1,SERC8046922019,FAGR,5.44987121435058,5.48495830782186,142.188248380217,0.0735152491792304,0.0168012187936927,5.45011228363437,5.48495830782186,0.968770649615137,0.0162503379442553,5.44244985044565,-0.275297763345773,0.00637328160729145,0.0348460241874902,198,0.000644741509727709,5.45011228363437,5.44244985044565,130,Inf,198,159,238,169,228,Inf,79,59,1,0,1,1
SERC,2019,80469,1,SERC8046922019,FAGR,5.48170129702265,5.51024651757881,213.497498506049,0.103653591554061,87.0969399851987,5.48183915968111,5.51024651757881,0.986327133409379,0.0126108606194902,5.48495830782186,-0.188292087920662,0.00516870446152318,0.0284073578976995,170,0.00073921771267571,5.48183915968111,5.48495830782186,119,Inf,170,143,199,150,192,Inf,56,42,1,0,0,1
SERC,2019,80469,2,SERC8046922019,FAGR,NA,NA,NA,NA,NA,NA,NA,-99,0.00109750544038689,5.51024651757881,NA,NA,NA,NA,NA,NA,NA,NA,NA,NA,NA,NA,NA,NA,NA,NA,NA,0,NA,NA,NA
SERC,2017,80485,1,SERC8048512019,FAGR,44.9901409435337,45.1767251384704,180.63068870578,0.0606282789837281,3.23149244698216,45.0000926267967,45.1767251384704,0.993473874069257,0.0733921253507778,-99,-1.0331743789708,0.00391747550963739,0.176632511673702,161,0.00282764326679796,45.0000926267967,-99,114,Inf,163,125,211,132,199,Inf,86,67,1,1,0,0
SERC,2018,80485,1,SERC8048512019,FAGR,45.1864789775968,45.3693564366243,171.719337254786,0.0750230469504327,2.43822775682353,45.1931379244048,45.3693564366243,0.994603080259364,0.0773460406741728,45.1767251384704,1.15250386937914,0.00389164931607189,0.176218512219499,160,0.00342947943257599,45.1931379244048,45.1767251384704,116,Inf,161,128,200,135,190,Inf,72,55,1,1,0,1
SERC,2019,80485,1,SERC8048512019,FAGR,45.3814733217532,45.5867820950413,183.65115884717,0.0822589856062781,10.8269757542591,45.3873570409667,45.5867820950413,0.992151220718124,0.0839094189057556,45.3693564366243,-1.50006942315503,0.00438422117327208,0.199425054074602,155,0.00422085655403492,45.3873570409667,45.3693564366243,112,Inf,155,125,191,131,182,Inf,66,51,1,1,0,0
SERC,2017,81040,1,SERC8104012019,FAGR,26.3964904184285,26.5258894224146,167.419882314203,0.0696878802037426,1.00229407713052,26.4003238978002,26.5258894224146,0.993233009540567,0.0492946712183798,-99,-0.276843939050067,0.00474493648131924,0.125565524614402,167,0.0022537478010527,26.4003238978002,-99,117,Inf,168,132,210,140,199,Inf,78,59,1,1,0,1
SERC,2018,81040,1,SERC8104012019,FAGR,26.539489333016,26.6330736086142,154.850065255856,0.0951415223529935,0.785337831002631,26.542525272749,26.6330736086142,0.991999514156755,0.0386841283736559,26.5258894224146,-0.00437598329682448,0.00340563812304095,0.0905483358652006,157,0.00222475301794489,26.542525272749,26.5258894224146,122,Inf,158,132,189,137,181,Inf,57,44,1,1,0,1
SERC,2019,81040,1,SERC8104012019,FAGR,26.6453343772102,26.7384216989408,163.890624427988,0.1,2.44332443255616,26.6467195293201,26.7384216989408,0.993683521149938,0.0398129490376572,26.6330736086142,-0.954909718714614,0.00343549750754013,0.0917021696206994,155,0.00232668760051524,26.6467195293201,26.6330736086142,113,Inf,155,128,185,134,177,Inf,57,43,1,1,0,0
HF,2017,81091,1,HF8109112018,FAGR,30.2778857634342,30.7617864622098,201.649803191193,0.0500171716335562,2.27855807335439,30.3,30.7607144894916,0.996329391965357,0.171312801868904,-99,-0.823575496131308,0.0150906597291969,0.4607144894916,185,0.00605039179759004,30.3,-99,124,307,187,140,244,149,230,183,104,81,1,1,1,0
HF,2018,81091,1,HF8109112018,FAGR,30.7597413857677,31.4216587421641,166.678546486489,0.049334158002702,0.512004268123903,30.781446624016,31.4216587421641,0.996951762526282,0.251093521075659,30.7607144894916,-0.318206020391515,0.0205852978544825,0.640212118148103,180,0.00816306525544164,30.781446624016,30.7607144894916,112,Inf,182,131,241,142,226,Inf,110,84,1,1,1,1
HF,2017,81099,1,HF8109912018,FAGR,6.79268419540414,6.94452486143769,197.790228373283,0.0646733859342486,3.14173783301225,6.8000056171154,6.94452486143769,0.994512276257237,0.056664486544282,-99,-0.213018924479355,0.0210301211580135,0.14451924432229,180,0.00245477811049799,6.8000056171154,-99,134,Inf,182,145,226,152,215,Inf,81,63,1,0,1,1
HF,2018,81099,1,HF8109912018,FAGR,6.96606440195545,7.12027554903978,189.792862184586,0.0624574869092395,1.25696723767946,6.96768664488646,7.12027554903978,0.996680804984241,0.0625078167881016,6.94452486143769,-0.394016813423469,0.0216631574399593,0.15258890415332,186,0.00240767413204246,6.96768664488646,6.94452486143769,113,Inf,186,142,233,153,221,Inf,91,68,1,0,1,1
SERC,2017,81275,1,SERC8127532019,FAGR,8.59685928678199,8.6312003116901,157.238832232598,0.0498480505377207,0.835349376136733,8.59895831305648,8.6312003116901,0.978995632425205,0.013229121701822,-99,-0.0360028785804483,0.003742511832729,0.0322419986336193,161,0.000427929984848419,8.59895831305648,-99,106,Inf,163,119,221,127,206,Inf,102,79,1,0,0,1
SERC,2018,81275,1,SERC8127532019,FAGR,8.64206684626452,8.6652166715735,180.800280876697,0.0811302182980893,4.35920683799246,8.64231740339408,8.6652166715735,0.985621066888321,0.0101815281883212,8.6312003116901,0.0214789281330815,0.00264616339246215,0.0228992681794207,163,0.000469380268240727,8.64231740339408,8.6312003116901,107,Inf,163,129,199,137,190,Inf,70,53,1,0,0,1
SERC,2019,81275,1,SERC8127532019,FAGR,8.67413143236949,8.7143407094087,173.351154995263,0.0839412784345273,2.25263115398805,8.67547739611677,8.7143407094087,0.988808050053261,0.0170880982204363,8.6652166715735,-0.181738250950657,0.00446967044242408,0.0388633132919303,164,0.000843525287550051,8.67547739611677,8.6652166715735,124,Inf,164,135,199,141,190,Inf,64,49,1,0,0,1
SERC,2019,81275,2,SERC8127532019,FAGR,NA,NA,NA,NA,NA,NA,NA,-99,0.00134030412898351,8.7143407094087,NA,NA,NA,NA,NA,NA,NA,NA,NA,NA,NA,NA,NA,NA,NA,NA,NA,0,NA,NA,NA
SERC,2017,81278,1,SERC8127822019,FAGR,16.886172879792,17.1498729256921,185.629042908043,0.0454115668627387,1.97075915504786,16.9009364297501,17.1498729256921,0.996351832612765,0.101085545276043,-99,-0.572804682861102,0.0146217335655296,0.248936495942001,171,0.00299348087486351,16.9009364297501,-99,108,Inf,173,123,237,133,220,Inf,114,87,1,0,1,0
SERC,2018,81278,1,SERC8127822019,FAGR,17.1492232812903,17.3958086940736,190.471251972282,0.0543408221667844,3.22135517385453,17.1590966589922,17.3958086940736,0.992494422941561,0.101505333777027,17.1498729256921,0.337433690345433,0.0137008471290851,0.2367120350814,169,0.00334969972655941,17.1590966589922,17.1498729256921,110,Inf,170,126,224,135,210,Inf,98,75,1,0,0,1
SERC,2019,81278,1,SERC8127822019,FAGR,17.3983295529526,17.621325935964,153.68949397826,0.0879851983207069,0.93804034026501,17.4032588629862,17.621325935964,0.992786004268184,0.0798012510089748,17.3958086940736,-0.822451687807042,0.0124523897741469,0.218067072977799,154,0.00490265926486799,17.4032588629862,17.3958086940736,111,Inf,155,125,188,132,180,Inf,63,48,1,0,0,0
SERC,2018,81278,2,SERC8127822019,FAGR,17.1462739142456,17.3426930386506,190.903272789549,0.0486743235861687,1.9457607691356,17.1553037169404,17.3426930386506,0.993483461342693,0.0785207245361473,17.621325935964,0.0940961562744479,0.0108638867393478,0.187389321710203,177,0.0023899507062275,17.1553037169404,17.621325935964,115,Inf,179,131,239,140,223,Inf,108,83,1,0,1,1
SERC,2019,81278,2,SERC8127822019,FAGR,17.3421297251274,17.6251450127948,196.047854450724,0.062430655777453,8.46124499472116,17.3527321730315,17.6251450127948,0.995863203325543,0.111779709890278,17.3426930386506,-0.316394679279234,0.0155766083956959,0.272412839763298,162,0.00441674139642956,17.3527321730315,17.3426930386506,110,Inf,163,124,210,132,198,Inf,86,66,1,0,0,1
SERC,2017,91103,1,SERC9110312019,FAGR,24.8492703838958,25.9040644941282,229.20879951374,0.0225554409614334,2.67453222960478,25,25.9040644941282,0.947152200124562,0.292794033892531,-99,0.202674870266377,0.0355240618002441,0.9040644941282,186,0.00594764820108651,25,-99,106,Inf,198,120,323,132,291,Inf,203,159,1,0,1,1
SERC,2018,91103,1,SERC9110312019,FAGR,25.8585879552109,26.8292477356111,214.656515446413,0.0391901934755381,4.34852490060895,25.9109126295735,26.8292477356111,0.994583578353921,0.350783403962889,25.9040644941282,-0.131902113196834,0.0348284088465967,0.918335106037603,177,0.0095096982842584,25.9109126295735,25.9040644941282,104,Inf,180,121,254,133,235,Inf,133,102,1,1,1,1
SERC,2019,91103,1,SERC9110312019,FAGR,26.7786760596637,27.7717543850541,180.91112109224,0.0424001196620311,1.72981350359941,26.8278947336347,27.7716556358414,0.995959164289639,0.361275502276511,26.8292477356111,-0.139301403956244,0.0345737246455236,0.943760902206702,168,0.010526264827817,26.8278947336347,26.8292477356111,98,385,170,115,239,126,221,287,124,95,1,1,0,1
SERC,2017,92008,1,SERC9200822019,FAGR,6.38290280872408,7.06339996176357,195.400732305007,0.0471325889384606,1.0855927221716,6.40032072462793,7.05941498255573,0.997446178249838,0.263073981187844,-99,-0.0843727532630218,0.098014082077992,0.6590942579278,194,0.00801750718935068,6.40032072462793,-99,116,303,194,140,254,152,240,187,114,88,1,0,1,1
SERC,2018,92008,1,SERC9200822019,FAGR,7.0644734267736,7.38882079586615,154.909956835682,0.104124063125225,0.625259138289951,7.06502475577336,6.66000144108362,0.998774078318559,0.132479420675283,7.05941498255573,NA,-0.0590368192010464,-0.40502331468974,159,0.00843715578123216,7.06502475577336,7.05941498255573,98,NA,NA,NA,NA,NA,NA,NA,NA,NA,1,0,NA,NA
SERC,2018,92008,2,SERC9200822019,FAGR,NA,NA,NA,NA,NA,NA,NA,-99,0.00122488003287822,6.66000144108362,NA,NA,NA,NA,NA,NA,NA,NA,NA,NA,NA,NA,NA,NA,NA,NA,NA,0,NA,NA,NA
SERC,2019,92008,2,SERC9200822019,FAGR,7.37231942428624,7.75126704145986,186.171373392461,0.0646220241190508,2.21074111455012,7.37788026493339,7.75126704145986,0.998741045112673,0.157585770335823,NA,-0.0248066150672496,0.0493699488419583,0.37338677652647,174,0.00612148742924923,7.37788026493339,NA,109,Inf,174,132,220,142,208,Inf,88,66,1,0,1,1
SERC,2017,100154,1,SERC10015412019,FAGR,34.7773899048189,34.9311953017517,178.912093164833,0.03792615986477,2.22623664914854,34.7996732159066,34.9311953017517,0.983535382318308,0.0459986287239377,-99,1.20436521461566,0.00377228176288202,0.131522085845099,158,0.00145824943660955,34.7996732159066,-99,111,Inf,166,119,240,126,220,Inf,121,94,1,1,0,1
SERC,2018,100154,1,SERC10015412019,FAGR,34.9304789198906,35.1852570898323,163.061502173972,0.0809791605281589,1.31339953730458,34.9362834892202,35.1852570898323,0.995479196674987,0.104325580591307,34.9311953017517,-0.37591648357535,0.00710123151358832,0.248973600612096,160,0.00515643978194902,34.9362834892202,34.9311953017517,113,Inf,160,128,196,135,187,Inf,68,52,1,1,0,1
SERC,2019,100154,1,SERC10015412019,FAGR,35.1916655486972,35.4830334881956,166.391173389312,0.0832963640124471,3.5252633225387,35.1964140194044,35.4830334881956,0.998158378552071,0.121566893570874,35.1852570898323,-1.10487688679357,0.00811044936072713,0.286619468791201,151,0.00606585700048612,35.1964140194044,35.1852570898323,102,Inf,152,119,187,127,178,Inf,68,51,1,1,0,0
SERC,2017,101498,1,SERC10149832019,FAGR,9.68207535163173,9.80512501348954,147.666376385148,0.0278953236756928,0.4702381631149,9.70095738462886,9.80512501348954,0.993975951943784,0.0356910927882197,-99,0.0342910596431117,0.0106806294553241,0.104167628860681,175,0.000858100018483299,9.70095738462886,-99,113,Inf,186,124,287,133,260,Inf,163,127,1,0,1,1
SERC,2018,101498,2,SERC10149832019,FAGR,9.80003488698573,9.90343264760389,198.676456251038,0.0366842457904947,1.77157783077911,9.80553642789131,9.90343264760389,0.98707086459103,0.0360355514252349,9.80512501348954,-0.103010896247428,0.00993426134542164,0.0978962197125792,183,0.000948238191293527,9.80553642789131,9.80512501348954,105,Inf,186,123,265,135,245,Inf,142,110,1,0,1,1
SERC,2018,101498,3,SERC10149832019,FAGR,NA,NA,NA,NA,NA,NA,NA,-99,0.000322367861000342,9.90343264760389,NA,NA,NA,NA,NA,NA,NA,NA,NA,NA,NA,NA,NA,NA,NA,NA,NA,0,NA,NA,NA
SERC,2019,101498,3,SERC10149832019,FAGR,9.88378237587948,10.1176493731219,182.743356175549,0.0319131484419972,0.666158198973136,9.90049153555875,10.1176493731219,0.980771866903813,0.0529253391274479,NA,-0.161370993301804,0.0216969555315427,0.21715783756315,195,0.00186571239739308,9.90049153555875,NA,115,Inf,200,132,290,145,267,Inf,158,122,1,0,1,1
SERC,2017,110425,1,SERC11042542019,FAGR,7.09590770300714,7.48403646650078,193.526995988307,0.0523410883960974,0.797491885852555,7.09974243160554,7.48403646650078,0.998205865723096,0.153623905530123,-99,-0.174774548521489,0.0527137748443671,0.38429403489524,198,0.00507840264034076,7.09974243160554,-99,110,Inf,198,145,254,158,240,Inf,109,82,1,0,1,1
SERC,2018,110425,2,SERC11042542019,FAGR,7.47942207720832,7.53029982687321,180.93723393171,0.0574221427609323,1.76612610778836,7.48104753598046,7.53029982687321,0.993145043175445,0.021203232936072,7.48403646650078,-0.0913443680156722,0.00656203156676005,0.04925229089275,171,0.000730326572400131,7.48104753598046,7.48403646650078,112,Inf,172,129,223,138,210,Inf,94,72,1,0,0,1
SERC,2019,110425,2,SERC11042542019,FAGR,7.53431828263222,7.5549848739306,144.318618127261,0.314812017757344,1.49243631963159,7.53458769441301,7.5549848739306,0.98571764884543,0.00637992191740539,7.53029982687321,-0.702822419400283,0.0027034817385938,0.0203971795175901,143,0.00162308558482405,7.53458769441301,7.53029982687321,129,Inf,143,134,152,136,150,Inf,18,14,1,0,0,0
SERC,2017,111002,1,SERC11100212019,FAGR,9.65786489160381,10.3914599732087,201.603287122139,0.044637901270794,3.49011603598842,9.69999994242725,10.3914599732087,0.998582888172322,0.258511855295892,-99,-0.139379756750539,0.0688584328174682,0.691460030781451,174,0.00818554937338334,9.69999994242725,-99,111,Inf,176,125,241,135,224,Inf,116,89,1,0,1,1
SERC,2018,111002,1,SERC11100212019,FAGR,10.3790877137631,11.0002285941288,212.838214747001,0.043472812856695,4.67216198655159,10.4022420259784,11.0002285941288,0.995194510910313,0.232229288964895,10.3914599732087,-0.0948568294077539,0.0558946915324561,0.5979865681504,177,0.00674996758353785,10.4022420259784,10.3914599732087,103,Inf,179,123,246,134,229,Inf,123,95,1,0,1,1
SERC,2019,111002,1,SERC11100212019,FAGR,10.9727422819378,11.6200825784563,193.37166482623,0.0487643645388048,4.1442802508616,11.0057107780316,11.6200825784563,0.996972818314456,0.241724688126707,11.0002285941288,-0.0388344330145704,0.0543205582584014,0.614371800424699,164,0.0078911735845093,11.0057107780316,11.0002285941288,104,Inf,166,119,226,128,210,Inf,107,82,1,0,0,1
HF,2017,120728,1,HF12072812018,FAGR,15.500071783017,15.6088358492027,186.740025121897,0.0925950892227065,2.65746322618812,15.5003513629488,15.6088358492027,0.997407384568702,0.0431879852989191,-99,-0.47415070386938,0.00697446225552278,0.1084844862539,176,0.00251712102549284,15.5003513629488,-99,112,Inf,176,145,208,153,200,Inf,63,47,1,0,1,0
HF,2018,120728,1,HF12072812018,FAGR,15.6232393959232,15.8103937877087,189.311278703269,0.0766642602398974,3.06579726898136,15.6233987268814,15.8103937877087,0.996538797743286,0.0800215416470042,15.6088358492027,-0.551651007661276,0.0118978495283613,0.1869950608273,175,0.00358609403256338,15.6233987268814,15.6088358492027,83,Inf,175,137,213,146,203,Inf,76,57,1,0,1,0
HF,2017,121409,1,HF12140912018,FAGR,16.5984063205204,16.6587755755676,190.974549593729,0.09831788792876,1.36845507369078,16.599839885113,16.6587755755676,0.99537405467748,0.0255856192364305,-99,-0.315773288867126,0.00354408933306827,0.0589356904546001,188,0.00148337859813452,16.599839885113,-99,150,Inf,188,162,218,168,210,Inf,56,42,1,0,1,1
HF,2018,121409,1,HF12140912018,FAGR,16.657991228233,16.7793469123216,170.660519273871,0.0832436167390447,1.18458078154797,16.6623840389058,16.7793469123216,0.995303802102626,0.0525561459284192,16.6587755755676,-0.552374453722374,0.00699505360590713,0.116962873415801,169,0.00252454434654581,16.6623840389058,16.6587755755676,129,Inf,169,140,204,146,196,Inf,64,50,1,0,0,0
HF,2017,121716,1,HF12171612018,FAGR,48.1950783179117,48.2434976410355,199.608625099634,0.140139447090432,5.97006552721103,48.1953532835797,48.2434976410355,0.972919906598085,0.0220788339502536,-99,-1.77819518067757,0.000998443282842043,0.0481443574558043,187,0.00169550472419644,48.1953532835797,-99,150,Inf,187,167,208,172,203,Inf,41,31,1,1,1,0
HF,2018,121716,1,HF12171612018,FAGR,48.2325839207127,48.3702063954571,145.902817940444,0.0179655778125941,0.994611132172384,48.2544332723589,48.3553486990698,0.90989339119805,0.0302553618185152,48.2434976410355,-1.34244936223615,0.00208913551723766,0.100915426710898,146,0.000618110596249721,48.2544332723589,48.2434976410355,53,264,152,67,245,80,230,211,178,150,1,1,0,0
HF,2017,130286,1,HF13028612018,FAGR,20.195390397279,20.4154625305013,190.687995634252,0.1,2.90505397225562,20.1993683296895,20.4154625305013,0.995586608071619,0.0910235969386197,-99,-0.680280271208062,0.0106412478087878,0.216094200811803,180,0.00550064983394805,20.1993683296895,-99,140,Inf,180,154,210,160,202,Inf,56,42,1,0,1,0
HF,2018,130286,1,HF13028612018,FAGR,20.4515874980761,20.7802790017691,154.817905064188,0.0813455076954164,0.157442829067249,20.4577005265119,20.7802790017691,0.997961582757709,0.142095378145496,20.4154625305013,-0.762701160215171,0.015645046563733,0.322578475257199,178,0.006681178816347,20.4577005265119,20.4154625305013,129,Inf,178,145,214,153,205,Inf,69,52,1,0,1,0
SERC,2017,130299,1,SERC13029912019,FAGR,24.1970000976363,24.4004429164139,187.356263235502,0.0793679075212018,8.32390704606693,24.2000120547503,24.4004429164139,0.994378009991057,0.0772517370043648,-99,-0.926673493707616,0.00824815315375549,0.200430861663602,161,0.00403542692770031,24.2000120547503,-99,108,Inf,161,127,198,135,189,Inf,71,54,1,0,0,0
SERC,2018,130299,1,SERC13029912019,FAGR,24.4106958165688,24.6182630895618,187.271201613718,0.0889313926011764,13.6983401899413,24.4137239149041,24.6182630895618,0.988420950967182,0.0850312180772819,24.4004429164139,-0.247864475293619,0.00834313979977841,0.2045391746577,158,0.00461382074005812,24.4137239149041,24.4004429164139,110,Inf,158,128,191,135,183,Inf,63,48,1,0,0,1
SERC,2019,130299,1,SERC13029912019,FAGR,24.6255941470291,24.8554453516575,162.693122963055,0.0999491879387155,2.89580414099711,24.6290388492997,24.8554453516575,0.996512425656453,0.0979397135895203,24.6182630895618,-0.608029819190076,0.00915066958270039,0.226406502357801,152,0.00574212179868283,24.6290388492997,24.6182630895618,110,Inf,152,125,182,131,174,Inf,57,43,1,0,0,0
SERC,2017,130632,1,SERC13063212019,FAGR,21.9970540838788,22.0038258554027,117.001620487936,0.007364557980147,0.971113040276697,21.9999975150135,22.0038258554027,0.323585246520345,0.00102597597325185,-99,1.35372896018629,0.00017400035295223,0.0038283403891981,121,1.24677618593694e-05,21.9999975150135,-99,85,Inf,247,101,601,116,503,Inf,500,387,0,0,1,1
SERC,2018,130632,1,SERC13063212019,FAGR,22.0075136918383,22.0089733259804,167.579112857003,7.50804666181068,6.16435200125937,22.0075139130904,22.0089733259804,0.257997396278582,0.00175424069693833,22.0038258554027,-0.0347296770225782,6.63121017638879e-05,0.00145941289000007,167,0.00112544113916258,22.0075139130904,22.0038258554027,166,Inf,167,167,168,167,168,Inf,1,1,0,0,0,1
SERC,2019,130632,1,SERC13063212019,FAGR,22.0115233104909,22.0142066009867,178.9793553911,0.0845565609013246,8.01686053134776,22.0115529176278,22.0142066009867,0.462667728180529,0.00259902116131136,22.0089733259804,-0.329189063838549,0.000120551394962032,0.00265368335890059,154,5.67007196785596e-05,22.0115529176278,22.0089733259804,101,Inf,155,122,189,130,180,Inf,67,50,1,0,0,1
HF,2017,131112,1,HF13111212018,FAGR,27.4860011402024,27.5553304167058,157.329526166089,0.116096026193918,0.0532160559679952,27.4866932539883,27.5553304167058,0.964690628693483,0.0305743431277774,-99,-0.491359329733215,0.00249399254304539,0.0686371627175006,183,0.00201054626075248,27.4866932539883,-99,143,Inf,183,159,208,164,202,Inf,49,38,1,1,1,0
HF,2018,131112,1,HF13111212018,FAGR,27.5888230249664,27.7304213540329,191.644614646192,0.0838608538805442,4.25470542739851,27.591723541442,27.7304213540329,0.994845095436109,0.0612017329798495,27.5553304167058,-0.658005082768312,0.00501419832690875,0.138697812590898,174,0.00296746065386699,27.591723541442,27.5553304167058,128,Inf,175,143,210,150,201,Inf,67,51,1,1,1,0
HF,2017,140800,1,HF14080012018,FAGR,12.3984788464828,12.4961988382734,184.187243967981,0.131371791944514,4.08726323764271,12.3991843487988,12.4961988382734,0.9946862128753,0.0401148031396659,-99,-0.51926789576917,0.0077938129996693,0.097014489474601,173,0.00320519986479972,12.3991843487988,-99,136,Inf,174,152,196,157,190,Inf,44,33,1,0,1,0
HF,2018,140800,1,HF14080012018,FAGR,12.5134555465463,12.6300267794895,181.435409935004,0.0865767094306272,2.76094441613907,12.5144467135495,12.6300267794895,0.996213814724097,0.0507171334753302,12.4961988382734,-0.421974103181491,0.00919334262585947,0.11558006594,170,0.00252228360820439,12.5144467135495,12.4961988382734,115,Inf,170,138,204,145,195,Inf,66,50,1,0,0,0
SERC,2017,140981,1,SERC14098112019,FAGR,9.79259705629818,10.313137626263,202.860140810166,0.0528315395020409,0.847979008156867,9.80015560397022,10.313137626263,0.996671399725066,0.201479641444355,-99,-0.295862348599782,0.051020316668263,0.51298202229278,206,0.00687483849336878,9.80015560397022,-99,126,Inf,207,155,262,167,248,Inf,107,81,1,0,1,1
SERC,2018,140981,1,SERC14098112019,FAGR,9.80830784811595,10.0642958570597,193.925871999093,0.0550809524046925,2.11054382742761,9.8128692904983,10.0642958570597,0.996910028380916,0.102214024700544,10.313137626263,-0.205894919797497,0.025299379986738,0.251426566561399,180,0.00352443696143645,9.8128692904983,10.313137626263,108,Inf,181,133,234,144,221,Inf,101,77,1,0,1,1
SERC,2019,140981,1,SERC14098112019,FAGR,10.068788406862,10.3706656217138,186.21503430572,0.0646860428032694,4.46111249932478,10.0757623222379,10.3706656217138,0.996606579866228,0.121479628802477,10.0642958570597,-0.182458665197948,0.0288484377163303,0.2949032994759,163,0.00488133681769298,10.0757623222379,10.0642958570597,105,Inf,164,124,209,132,197,Inf,85,65,1,0,0,1
HF,2017,141939,1,HF14193912018,FAGR,38.4992468549169,38.5465877832328,203.820992065395,0.10222790942811,3.29851982702912,38.499875107315,38.5465877832328,0.991028107464782,0.0206866555599731,-99,-1.20186455885015,0.00121258471548202,0.0467126759178029,192,0.00120956003893014,38.499875107315,-99,150,Inf,192,166,221,172,214,Inf,55,42,1,1,1,0
HF,2018,141939,1,HF14193912018,FAGR,38.5722117558727,38.7102171985303,146.225443822037,0.0876787663290553,0.0599432016186898,38.5751940954081,38.7102171985303,0.993319096827379,0.0602521960028489,38.5465877832328,-0.678578620482946,0.00349414561524419,0.135023103122201,178,0.00302394268600636,38.5751940954081,38.5465877832328,135,Inf,179,149,212,156,204,Inf,63,48,1,1,1,0
SERC,2017,142546,1,SERC14254622019,FAGR,10.9945941468772,11.2567018228677,216.713391629223,0.0475312294094435,2.93319849060419,11.0007820453998,11.2567018228677,0.996619901574116,0.101703556738717,-99,-0.213163140363631,0.0229973035618012,0.2559197774679,194,0.00311441888654684,11.0007820453998,-99,116,Inf,195,140,257,152,241,Inf,117,89,1,0,1,1
SERC,2018,142546,1,SERC14254622019,FAGR,11.2665616258849,11.6954949445317,138.111433714351,0.0386641923049153,0.119613292330116,11.2785867254688,11.6870088248928,0.988090687707258,0.146900196943982,11.2567018228677,-0.100986061045625,0.0355719201289713,0.408422099424,193,0.00414595928831218,11.2785867254688,11.2567018228677,101,294,193,128,261,142,246,193,133,104,1,0,1,1
SERC,2018,142546,2,SERC14254622019,FAGR,NA,NA,NA,NA,NA,NA,NA,-99,0.000913844233509451,11.6870088248928,NA,NA,NA,NA,NA,NA,NA,NA,NA,NA,NA,NA,NA,NA,NA,NA,NA,0,NA,NA,NA
SERC,2019,142546,2,SERC14254622019,FAGR,11.6545443772265,11.9003272284078,168.493604755465,0.0565188562736265,1.0314402873775,11.6651461613113,11.9003272284078,0.993202807321364,0.0967665705477217,NA,-0.0200345267510944,0.019960462627667,0.2351810670965,168,0.00347260219456835,11.6651461613113,NA,113,Inf,169,127,221,136,208,Inf,94,72,1,0,0,1
SERC,2017,150147,1,SERC15014712019,FAGR,27.4830087078993,27.8320353551688,174.729524035627,0.0585011773642471,1.97702720952186,27.5006797282102,27.8320353551688,0.997208341468604,0.126572475030125,-99,-1.08207068833921,0.0119769863987549,0.331355626958597,163,0.00510422656597598,27.5006797282102,-99,113,Inf,165,125,214,133,202,Inf,89,69,1,1,0,0
SERC,2018,150147,1,SERC15014712019,FAGR,27.8388112156205,28.1538890368306,172.448327172806,0.0788749179907496,2.72180562124681,27.8437136206259,28.1538890368306,0.995841142153047,0.127904040933747,27.8320353551688,0.253711487345682,0.0110782809889556,0.3101754162047,160,0.00621154286997694,27.8437136206259,27.8320353551688,107,Inf,160,126,197,134,188,Inf,71,54,1,1,0,1
SERC,2019,150147,1,SERC15014712019,FAGR,28.1541259973448,28.5471539437658,169.547214735206,0.0672580646831072,2.00463641455249,28.1625539960216,28.5471539437658,0.997763808502449,0.157989146415246,28.1538890368306,-0.734708631892085,0.0135640213410522,0.384599947744199,159,0.00660763190546376,28.1625539960216,28.1538890368306,102,Inf,160,121,203,129,192,Inf,82,63,1,1,0,0
HF,2017,150496,1,HF15049612018,FAGR,20.2919723348152,20.4847308148489,216.400800831168,0.0820161554751828,23.1355971148136,20.2993717612741,20.4847308148489,0.99642216424046,0.0749756885905223,-99,-0.536685236808057,0.00908983246608042,0.1853590535748,178,0.00395170857758131,20.2993717612741,-99,139,Inf,179,149,215,155,205,Inf,66,50,1,0,1,0
HF,2018,150496,1,HF15049612018,FAGR,20.523785900684,20.7856277998021,169.836471693852,0.0655564219389467,0.659532025161798,20.528158501044,20.7856277998021,0.99754804138197,0.108439186355556,20.4847308148489,-0.883419268951783,0.0124642476576442,0.2574692987581,176,0.00429081159423106,20.528158501044,20.4847308148489,114,Inf,177,136,221,145,210,Inf,85,65,1,0,1,0
HF,2017,151613,1,HF15161312018,FAGR,NA,NA,NA,NA,NA,NA,NA,-99,0.0323105775502952,-99,NA,NA,NA,NA,NA,NA,NA,NA,NA,NA,NA,NA,NA,NA,NA,NA,NA,0,NA,NA,NA
HF,2018,151613,1,HF15161312018,FAGR,41.3121624050799,41.5688518018975,188.937920696062,0.114927430976876,2.69880182695865,41.3145316393664,41.5688518018975,0.991658920478057,0.118392409910214,NA,-1.97579021792584,0.00613683829326028,0.254320162531101,180,0.00737095486525163,41.3145316393664,NA,140,Inf,180,156,206,162,200,Inf,50,38,1,1,1,0
SERC,2017,160234,1,SERC16023412019,FAGR,7.29503828793862,7.52872819216676,194.562912512856,0.0561829344053797,1.81209262061573,7.30095133614266,7.52872819216676,0.998204684350671,0.0919690965609052,-99,-0.168153200581478,0.0307214690811897,0.2277768560241,184,0.00328212944208062,7.30095133614266,-99,119,Inf,185,139,237,149,224,Inf,98,75,1,0,1,1
SERC,2018,160234,1,SERC16023412019,FAGR,7.52496468253051,7.92825471251874,177.488669706699,0.0473244953643096,0.891786000404279,7.53757840658724,7.92825471251874,0.995520641757485,0.155098560648132,7.52872819216676,-0.0474175039086053,0.0505319605305683,0.3906763059315,180,0.00477112943583258,7.53757840658724,7.52872819216676,107,Inf,181,128,243,139,227,Inf,115,88,1,0,1,1
SERC,2019,160234,1,SERC16023412019,FAGR,7.92768150672194,8.24172233094941,181.985806043023,0.0617015420612962,2.56056541874275,7.9338595736961,8.24172233094941,0.998426944663221,0.126083568424111,7.92825471251874,-0.178633721541253,0.0380697201976439,0.307862757253309,167,0.00484352271458199,7.9338595736961,7.92825471251874,103,Inf,167,124,215,134,203,Inf,91,69,1,0,0,1
HF,2017,162303,1,HF16230312018,FAGR,31.888209738996,31.9830952099417,197.856244091651,0.1,2.93704250248254,31.8931000683214,31.9830952099417,0.994141516469777,0.0390913952278223,-99,-1.76120642018897,0.0028178009280313,0.0899951416202995,187,0.00237160265292502,31.8931000683214,-99,158,Inf,188,165,217,169,210,Inf,52,41,1,1,1,0
HF,2018,162303,1,HF16230312018,FAGR,31.9999959993588,32.1607536434111,170.051369660238,0.0770898417757339,0.835692452988029,32.0036364042597,32.1607536434111,0.993475025292321,0.0689960561170532,31.9830952099417,-0.828463616107169,0.00489734424528265,0.157117239151397,172,0.00309714842259012,32.0036364042597,31.9830952099417,124,Inf,173,139,211,147,201,Inf,72,54,1,1,1,0
HF,2017,170806,1,HF17080612018,FAGR,17.2988975708077,17.3634371430484,190.311861234648,0.134849872455929,2.52034232124132,17.3000001812447,17.3634371430484,0.995708969690111,0.0283792997796373,-99,-0.623388183932642,0.00366016976513039,0.0634369618036992,183,0.00217290415848481,17.3000001812447,-99,153,Inf,184,164,205,168,200,Inf,41,32,1,0,1,0
HF,2018,170806,1,HF17080612018,FAGR,17.3914060871422,17.5127503499752,186.751714065729,0.0914581471514189,3.77377886805652,17.3931057661852,17.5127503499752,0.996160930082285,0.053370586817514,17.3634371430484,-0.817103655636852,0.00685529969245913,0.119644583789999,172,0.00277368876960793,17.3931057661852,17.3634371430484,126,Inf,173,143,205,150,196,Inf,62,46,1,0,1,0
HF,2017,171098,1,HF17109812018,FAGR,25.5951539597643,25.7978103859746,189.618894189761,0.079925685693139,2.58105628951275,25.6,25.7978103859746,0.996220021135651,0.0790877093954221,-99,-1.05229531021113,0.00769726807982352,0.197810385974599,178,0.00404843791560339,25.6,-99,131,Inf,178,146,215,153,206,Inf,69,53,1,1,1,0
HF,2018,171098,1,HF17109812018,FAGR,25.8104247805289,26.0197664364373,181.102552011359,0.076790525347557,2.33320776429874,25.8144277287928,26.0197664364373,0.996466295635758,0.0895161996898292,25.7978103859746,-0.753420433804537,0.00792294681515404,0.205338707644501,170,0.00401834179616856,25.8144277287928,25.7978103859746,119,Inf,171,136,209,144,199,Inf,73,55,1,1,0,0
HF,2017,180527,1,HF18052712018,FAGR,23.7892596818214,24.0173497121519,204.64627726713,0.0714132300201264,6.97199560916416,23.7999920104089,24.0173497121519,0.996930657870059,0.0860623187346488,-99,-0.680056070744063,0.00909122887095037,0.217357701743001,177,0.00407066023616665,23.7999920104089,-99,135,Inf,179,146,219,152,209,Inf,73,57,1,0,1,0
HF,2018,180527,1,HF18052712018,FAGR,24.0394160297511,24.3237743441508,177.483842302147,0.063839778561382,1.34084317151516,24.0453082183146,24.3237743441508,0.996755669035019,0.116795228567825,24.0173497121519,-0.891688886407258,0.0115143470856922,0.2784661258362,173,0.0045379012692699,24.0453082183146,24.0173497121519,112,Inf,174,132,219,141,208,Inf,87,67,1,0,1,0
HF,2017,181383,1,HF18138312018,FAGR,13.5998017026064,13.6165896040076,205.976453236041,0.0672381160576241,1.93320517386209,13.6000168358316,13.6165896040076,0.985740959280799,0.0067870618635376,-99,0.0923996483949165,0.00121784251544721,0.0165727681760011,196,0.00028216061976849,13.6000168358316,-99,132,Inf,197,156,240,165,229,Inf,84,64,1,0,1,1
HF,2018,181383,1,HF18138312018,FAGR,13.6230765992013,13.6428281379715,187.504330648087,0.0445687182468296,2.37111368158415,13.6233707443462,13.6428281379715,0.982848808596293,0.00726125406362876,13.6165896040076,-0.790797804163988,0.00142721741391894,0.0194573936253004,168,0.000220064154731858,13.6233707443462,13.6165896040076,74,Inf,169,108,235,122,218,Inf,127,96,1,0,0,0
HF,2017,200006,1,HF20000612018,FAGR,6.0984009760479,6.14383636367288,206.938452996488,0.0664038145872538,1.76975159830165,6.10005445450023,6.14383636367288,0.997277624800895,0.0183855736843037,-99,-0.0701097318201328,0.00715166386723731,0.0437819091726492,198,0.00075410428827638,6.10005445450023,-99,149,Inf,199,162,243,170,232,Inf,81,62,1,0,1,1
HF,2018,200006,1,HF20000612018,FAGR,6.14825190586761,6.35289754525903,189.531045329777,0.0608949554343887,1.49564512501342,6.15066144166124,6.35289754525903,0.998125379375848,0.0828143871254102,6.14383636367288,-0.247643241176228,0.0323513876437138,0.20223610359779,183,0.00311521279747229,6.15066144166124,6.14383636367288,110,Inf,183,138,231,149,219,Inf,93,70,1,0,1,1
HF,2017,210548,1,HF21054812018,FAGR,32.9840825033266,33.0111229607944,191.010505517547,8.45845530315178,-3.54298414381923,32.9840824561165,32.9993308308655,0.78168393579789,0.014418064750268,-99,NA,0.000462188124586316,0.0152483747490066,191,0.0285023629226728,32.9840824561165,-99,189,NA,NA,NA,NA,NA,NA,NA,NA,NA,1,1,NA,NA
HF,2018,210548,1,HF21054812018,FAGR,33.012133841992,33.0786875697122,200.606833580757,0.0573298296126716,6.18577224761132,33.0163089716148,33.0786875697122,0.968410342392806,0.0265175114821703,32.9993308308655,-0.759923526620518,0.00188754428873406,0.0623785980974034,169,0.000953788172182612,33.0163089716148,32.9993308308655,122,Inf,171,132,221,139,208,Inf,89,69,1,1,0,0
HF,2017,211039,1,HF21103912018,FAGR,50.3984941764111,50.439234520086,216.029543992356,0.0830909238843093,11.531895690288,50.3991443063624,50.439234520086,0.97277786255776,0.0170257303378757,-99,-2.06649865938745,0.000795138047684052,0.0400902137236017,187,0.000845935915542384,50.3991443063624,-99,137,Inf,187,155,222,162,213,Inf,67,51,1,1,1,0
HF,2018,211039,1,HF21103912018,FAGR,49.2569501681931,50.4890951743619,47.540263891596,2.67075585447281,13.5163547905813,50.4853197921091,50.4890951743619,0,0.00251345784322876,50.439234520086,-0.00822298764168532,7.47789874457894e-05,0.0037753822527975,47,0.00649869022102223,50.4853197921091,50.439234520086,49,Inf,49,49,50,49,50,Inf,1,1,0,1,0,1
HF,2017,220932,1,HF22093212018,FAGR,29.79987180101,29.8098756652165,185.990004679689,0.0268411948978669,1.29502525585342,29.8,29.8098756652165,0.8125020511515,0.00263817070536785,-99,-0.0379059509103658,0.000331343261385619,0.00987566521649796,176,6.71263588039039e-05,29.8,-99,15,Inf,177,75,287,99,259,Inf,212,160,1,1,1,1
HF,2018,220932,1,HF22093212018,FAGR,29.8222923709115,29.8579135089632,230.083185002211,0.0408505716195078,5.2485048258714,29.8257363348995,29.8579135089632,0.980698870303191,0.0123382132244626,29.8098756652165,-0.71088417955887,0.00107825768917991,0.0321771740637011,189,0.000363735740840809,29.8257363348995,29.8098756652165,135,Inf,194,145,264,154,246,Inf,119,92,1,1,1,0
HF,2017,241504,1,HF24150412018,FAGR,18.0983669545841,18.1786846746099,198.328331672691,0.104867869124592,20.5847985889063,18.1,18.1786846746099,0.993839696094603,0.0302434023614002,-99,-0.926900909698888,0.00433779772868714,0.0786846746098995,169,0.00210383485201149,18.1,-99,133,Inf,170,145,198,150,191,Inf,53,41,1,0,0,0
HF,2018,241504,1,HF24150412018,FAGR,18.183864935853,18.2847715341621,187.778431747139,0.0914190390620139,7.01398641956308,18.1855863719086,18.2847715341621,0.99560016888228,0.0440384541633413,18.1786846746099,-0.502737743756239,0.00543923407846947,0.0991851622535016,166,0.00230472680967964,18.1855863719086,18.1786846746099,122,Inf,167,138,199,144,191,Inf,61,47,1,0,0,0
HF,2017,251421,1,HF25142112018,FAGR,9.79932775440459,9.86950555719003,193.355254063418,0.101962735656967,4.06790155826251,9.8,9.86950555719003,0.996785576353177,0.028739401772681,-99,-0.536421368797219,0.00706737099124766,0.0695055571900287,180,0.00178772760295232,9.8,-99,134,Inf,180,152,209,159,201,Inf,57,42,1,0,1,0
HF,2018,251421,1,HF25142112018,FAGR,9.8842687634378,10.0286212972123,177.926263174956,0.0843936902066018,1.3529787893068,9.88554977555147,10.0286212972123,0.995929320623071,0.0631759754523547,9.86950555719003,-0.357004968514543,0.0143690623921824,0.143071521660831,174,0.00304451714708875,9.88554977555147,9.86950555719003,118,Inf,175,141,209,149,200,Inf,68,51,1,0,1,1
HF,2017,260845,1,HF26084512018,FAGR,7.29961798894267,7.34277891170686,194.117047394895,0.106008471574226,3.68105985780247,7.30017928823468,7.34277891170686,0.996634195429589,0.0180787847041673,-99,-0.228889627818632,0.00581846141644671,0.0425996234721806,182,0.00114348833467215,7.30017928823468,-99,141,Inf,182,156,210,162,203,Inf,54,41,1,0,1,1
HF,2018,260845,1,HF26084512018,FAGR,7.35064767950712,7.45896432887954,179.286182538698,0.0697036216053,0.977255612075012,7.35209000825741,7.45896432887954,0.994678889701131,0.0455361411628606,7.34277891170686,-0.224258599149241,0.0144319470004797,0.10687432062213,180,0.00188698720544167,7.35209000825741,7.34277891170686,118,Inf,180,141,222,150,211,Inf,81,61,1,0,1,1
HF,2017,271124,1,HF27112412018,FAGR,24.8993647603709,24.907145465432,159.001332444769,0.0563560428318014,0.982372552934762,24.8993647603709,24.907145465432,0.752173063751165,0.00240975751903799,-99,0.0375253645621339,0.000312437273325195,0.00778070506109785,159,NA,24.8993647603709,-99,-Inf,Inf,159,107,212,120,198,Inf,105,78,1,0,0,1
HF,2018,271124,1,HF27112412018,FAGR,24.9124669894138,24.9594788674934,221.999566326075,0.0485080692520202,6.75360184640506,24.9165446167877,24.9594788674934,0.983671882327882,0.0176303059126911,24.907145465432,0.546264107499023,0.00172163930928226,0.0429342507056987,183,0.00057003828608515,24.9165446167877,24.907145465432,134,Inf,186,144,245,151,230,Inf,101,79,1,0,1,1
HF,2017,271653,1,HF27165312018,FAGR,45.0979154326861,45.1676186061321,192.192142659228,0.06024022622183,0.569949933613753,45.1000008521027,45.1676186061321,0.979369549566461,0.0276705529767909,-99,0.414746705136577,0.00149816217781096,0.0676177540293992,202,0.00104943950178438,45.1000008521027,-99,144,Inf,203,161,251,170,239,Inf,90,69,1,1,1,1
HF,2018,271653,1,HF27165312018,FAGR,45.184523229059,45.296229221012,196.571605783727,0.0592916649432683,3.09028324997664,45.1876218530856,45.296229221012,0.992391806578046,0.0450554544667116,45.1676186061321,-1.64034467871132,0.00240059234425649,0.108607367926396,178,0.00165538293887124,45.1876218530856,45.1676186061321,118,Inf,178,135,228,145,215,Inf,93,70,1,1,1,0
HF,2017,280096,1,HF28009612018,FAGR,15.5964973342584,15.599686281979,54.1491792123991,0.1,15,15.5964973342584,15.599686281979,0,0.00124121266563905,-99,-9.58437690323777e-09,0.000204444734069664,0.00318894772060041,27,NA,15.5964973342584,-99,-Inf,Inf,27,-2,57,5,49,Inf,59,44,0,0,0,1
HF,2018,280096,1,HF28009612018,FAGR,15.5910721339118,15.5961780096521,121.000596492283,0.0142572039806551,0.99274314889799,15.5932374410911,15.5961780096521,0.391288699295072,0.00141000525679923,15.599686281979,0.125327980685405,0.000188561954574507,0.00294056856099978,122,1.81985801823714e-05,15.5932374410911,15.599686281979,100,Inf,185,108,368,116,318,Inf,260,202,0,0,1,1
HF,2017,281050,1,HF28105012018,FAGR,40.29649947333,40.4128471950795,192.821570846182,0.0979760652345133,3.19855967033272,40.298249283384,40.4128471950795,0.995791392119755,0.0475605462648718,-99,-1.93628628094819,0.00283970838471559,0.114597911695498,181,0.00284923898555434,40.298249283384,-99,138,Inf,181,154,211,160,204,Inf,57,44,1,1,1,0
HF,2018,281050,1,HF28105012018,FAGR,40.4547594730291,40.6525050518056,162.870142989276,0.0835186951412132,0.282404498305198,40.457957533528,40.6525050518056,0.996283481776102,0.0860929992026449,40.4128471950795,-2.17324102700738,0.00479710964918478,0.194547518277595,178,0.00412826263239907,40.457957533528,40.4128471950795,129,Inf,178,146,213,154,205,Inf,67,51,1,1,1,0
HF,2017,281525,1,HF28152512018,FAGR,37.8903343699772,37.9019116728119,122.000336870976,0.00751275362111151,0.972325081088648,37.8914129250125,37.9019116728119,0.30823019527598,0.00314885333985911,-99,0.230605164094072,0.000277036214528348,0.0104987477993959,126,2.1744308995153e-05,37.8914129250125,-99,-177,Inf,151,-118,531,-73,433,Inf,649,506,0,1,0,1
HF,2018,281525,1,HF28152512018,FAGR,38.2270044434928,38.2557451930348,178.14525304168,4.29763785274297,1.92364160418013,38.2281555144194,38.2557451930348,0.879676704747828,0.0135830289397733,37.9019116728119,-0.190453866886863,0.000721450646655963,0.0275896786153993,178,0.0227353765826592,38.2281555144194,37.9019116728119,177,Inf,178,177,179,178,179,Inf,2,1,1,1,1,1
HF,2017,281674,1,HF28167412018,FAGR,49.9973926519233,50.0530275836899,198.582131481708,0.119957977505183,1.75579532646395,49.9975323410279,50.0530275836899,0.993943629292561,0.0249928202434169,-99,-2.78938064851193,0.00110934408353147,0.0554952426619977,194,0.00166789022850367,49.9975323410279,-99,144,Inf,194,170,218,176,212,Inf,48,36,1,1,1,0
HF,2018,281674,1,HF28167412018,FAGR,50.07719358588,50.180433727886,148.689517997669,0.0724312145263812,0.111740074005089,50.0832569487655,50.180433727886,0.987211091983676,0.0425139660351226,50.0530275836899,-1.85280575086814,0.00193842474564976,0.0971767791204954,179,0.00186924101163299,50.0832569487655,50.0530275836899,141,Inf,181,149,220,155,210,Inf,71,55,1,1,1,0
HF,2017,301364,1,HF30136412018,FAGR,42.0979797079491,42.2295020516166,193.988888075432,0.0839522623689516,1.98810190417908,42.1003204124846,42.2295020516166,0.996480111621033,0.0534398345299548,-99,-2.23943460706414,0.00306372612685246,0.129181639132,186,0.00275980667922227,42.1003204124846,-99,138,Inf,186,154,221,162,212,Inf,67,50,1,1,1,0
HF,2018,301364,1,HF30136412018,FAGR,42.2377012100159,42.4336079216871,159.730031296902,0.0819076313457171,0.268049564752964,42.2471585740743,42.4336079216871,0.994285928958652,0.0846263371080743,42.2295020516166,-1.22765685731337,0.00440358907043903,0.1864493476128,176,0.00401074485435515,42.2471585740743,42.2295020516166,139,Inf,177,148,212,154,203,Inf,64,49,1,1,1,0
HF,2017,311463,1,HF31146312018,FAGR,9.99786783447488,10.0899840945915,195.044810350219,0.0976611498588698,5.7736630277162,9.99985017082952,10.0899840945915,0.997064191033674,0.0368742818205555,-99,-0.289275811996557,0.0089731480458557,0.0901339237619805,177,0.00224855298192139,9.99985017082952,-99,138,Inf,178,151,207,157,200,Inf,56,43,1,0,1,1
HF,2018,311463,1,HF31146312018,FAGR,10.1072204698263,10.2514453460763,177.965823451615,0.0796730624562387,1.44253823941324,10.1098416615769,10.2514453460763,0.997885951530732,0.0620639979664394,10.0899840945915,-0.31025560721406,0.0139093336721854,0.141603684499401,173,0.00287171601477354,10.1098416615769,10.0899840945915,123,Inf,174,140,211,148,201,Inf,71,53,1,0,1,1
HF,2017,321651,1,HF32165112018,FAGR,14.5989189834164,14.7591430390959,208.523686573009,0.0679198035350516,1.29543499715108,14.6012838833226,14.7591430390959,0.998178235073094,0.0655952836013354,-99,-0.385001701993537,0.0107532957430307,0.1578591557733,205,0.0027200761595001,14.6012838833226,-99,143,Inf,205,165,248,174,237,Inf,83,63,1,0,1,1
HF,2018,321651,1,HF32165112018,FAGR,14.7590029685822,14.9787511170059,177.956613641406,0.0512495970158006,1.18699594856573,14.75962060058,14.9787511170059,0.996924507374879,0.0844433408921059,14.7591430390959,-0.768769068429757,0.0147374903130837,0.219130516425899,175,0.00281506828638989,14.75962060058,14.7591430390959,60,Inf,175,118,232,132,218,Inf,114,86,1,0,1,0
HF,2017,321836,1,HF32183612018,FAGR,26.5983501084168,26.6045230804916,196.695681083546,6.94650947874381,2.35469946907175,26.5984068406824,26.6045230804916,0.569706212391877,0.00414876056188231,-99,-0.0200256084156721,0.000229921165815661,0.00611623980919873,197,0.00383680789808949,26.5984068406824,-99,196,Inf,197,196,197,196,197,Inf,1,1,1,1,1,1
HF,2018,321836,1,HF32183612018,FAGR,26.6009634714545,26.6180126050914,211.004445509204,0.0333653918819055,0.951558756041869,26.6025577868175,26.6180126050914,0.817007462242944,0.00548379081706318,26.6045230804916,-1.06546077241928,0.00058078365543679,0.015454818273902,212,0.000142199854057168,26.6025577868175,26.6045230804916,144,Inf,218,158,304,168,282,Inf,146,114,1,1,1,0
HF,2017,331632,1,HF33163212018,FAGR,62.1984762069527,62.2496240757026,185.997166368481,0.0817179411074954,1.59948238915824,62.2009906821343,62.2496240757026,0.961923308094907,0.0207559135478177,-99,-2.04804327664684,0.000781569398248472,0.0486333935683021,180,0.00104467068103276,62.2009906821343,-99,144,Inf,181,153,217,158,208,Inf,64,50,1,1,1,0
HF,2018,331632,1,HF33163212018,FAGR,62.2980428891727,62.4279264083776,177.988544590385,0.0295622369094803,1.16695052744739,62.2980428891727,62.4279264083776,0.95138098189055,0.0400820438760573,62.2496240757026,-2.5539749638328,0.0020827028546746,0.129883519204903,173,NA,62.2980428891727,62.2496240757026,-Inf,Inf,173,73,272,98,247,Inf,199,149,1,1,1,0
HF,2017,332021,1,HF33202112018,FAGR,8.09900479554093,8.11130308902471,204.664779845045,0.145036164746895,2.2193209725517,8.09901469384118,8.11130308902471,0.977343335002798,0.00588711421320821,-99,-0.358589874812587,0.00151612049831407,0.0122883951835302,199,0.000445662780601097,8.09901469384118,-99,150,Inf,199,179,219,184,214,Inf,40,30,1,0,1,1
HF,2018,332021,1,HF33202112018,FAGR,8.1236029458843,8.16645873934354,194.41798638228,0.0557984478425383,1.91793817175937,8.12475753016616,8.16645873934354,0.990840358235779,0.0168759455027943,8.11130308902471,-0.417013480924421,0.00511948274048324,0.0417012091773792,183,0.000597753021308378,8.12475753016616,8.11130308902471,118,Inf,184,138,236,148,223,Inf,98,75,1,0,1,0
HF,2017,340153,1,HF34015312018,FAGR,18.9952535702693,19.2369853821316,191.538796113403,0.0903156942119634,3.61173080780976,18.9999931434011,19.2369853821316,0.998940640329987,0.0949641286172758,-99,-0.827607661675702,0.0123961297480522,0.236992238730501,177,0.00545597849562185,18.9999931434011,-99,134,Inf,178,148,210,155,202,Inf,62,47,1,0,1,0
HF,2018,340153,1,HF34015312018,FAGR,19.2506115362894,19.5033165197771,170.615679170436,0.0750106939178246,1.23968757266183,19.2546547990521,19.5033165197771,0.997226635365786,0.107265454976449,19.2369853821316,-0.657423954878562,0.0128316897993965,0.248661720725,168,0.00473792652402238,19.2546547990521,19.2369853821316,113,Inf,168,132,207,140,197,Inf,75,57,1,0,0,0
HF,2017,340301,1,HF34030112018,FAGR,21.4980106457082,21.5758984967651,194.107849221093,0.0917184655419949,7.42047754222599,21.5,21.5758984967651,0.994400457910193,0.0295599970913209,-99,-0.792293401345675,0.00352394624174002,0.0758984967650989,172,0.00178538019098795,21.5,-99,133,Inf,173,145,205,151,197,Inf,60,46,1,0,1,0
HF,2018,340301,1,HF34030112018,FAGR,21.5989094983085,21.6767898982057,175.683363184986,0.0635270427643983,2.65647985944272,21.5994031215996,21.6767898982057,0.986666096127019,0.031080877892763,21.5758984967651,-0.953468552965563,0.00357641713340984,0.0773867766061009,160,0.00123665856763822,21.5994031215996,21.5758984967651,81,Inf,161,116,207,127,195,Inf,91,68,1,0,0,0
HF,2017,341026,1,HF34102612018,FAGR,7.79717648394429,7.91611767902101,198.886133242498,0.0690207539213137,2.42446885153065,7.79998589446376,7.91611767902101,0.995636303753012,0.0465465184269492,-99,-0.150385595218669,0.0147789683083075,0.11613178455725,186,0.00205214167429624,7.79998589446376,-99,132,Inf,187,149,229,157,218,Inf,80,61,1,0,1,1
HF,2018,341026,1,HF34102612018,FAGR,7.93436387591913,8.02612812725311,183.058661535744,0.0613902880387668,1.14275717052783,7.93459722422543,8.02612812725311,0.993395068668423,0.0373014186009318,7.91611767902101,-0.332055892839148,0.0114696424426728,0.091530903027679,181,0.00140823033288662,7.93459722422543,7.91611767902101,84,Inf,181,134,229,146,217,Inf,95,71,1,0,1,1
HF,2017,350215,1,HF35021512018,FAGR,7.09826029521254,7.10649015407568,162.486351100794,0.152224956754779,0.11631989524113,7.09842273008003,7.10649015407568,0.958940400586191,0.00345170073846158,-99,-0.251946250274977,0.00113586403926802,0.00806742399564975,177,0.000312784269773658,7.09842273008003,-99,151,Inf,177,159,196,163,191,Inf,37,28,1,0,1,1
HF,2018,350215,1,HF35021512018,FAGR,7.11125170201066,7.12599942056343,175.906446405152,0.0893942906465234,2.90126489027995,7.11126596372163,7.12599942056343,0.969544747020845,0.00650075475570753,7.10649015407568,0.0568393569331694,0.00206970393591255,0.0147334568417996,164,0.000329535548454274,7.11126596372163,7.10649015407568,86,Inf,164,131,197,140,189,Inf,66,49,1,0,0,1
HF,2017,350754,1,HF35075412018,FAGR,24.8951007079874,24.9727814892514,198.20397903878,0.0543378437160527,1.08657587128947,24.8981777513949,24.9727814892514,0.993420126555271,0.0291711364648475,-99,-0.700272690773004,0.00299187321208594,0.0746037378564992,197,0.0010551048469658,24.8981777513949,-99,138,Inf,198,154,252,163,238,Inf,98,75,1,0,1,0
HF,2018,350754,1,HF35075412018,FAGR,25.0062917221864,25.1444959437358,180.935623635272,0.0407536902512015,0.851847386169243,25.006569257781,25.1444959437358,0.984109304692117,0.0486474598401258,24.9727814892514,-0.808415732880694,0.00550046277777394,0.137926685954803,185,0.00140802443837629,25.006569257781,24.9727814892514,33,Inf,185,114,257,131,239,Inf,143,108,1,1,1,0
HF,2017,351005,1,HF35100512018,FAGR,11.8000124078734,11.902621894775,193.46064685834,0.104264631721033,4.70438718092106,11.8002679525524,11.902621894775,0.994875339124443,0.041944418249801,-99,-0.330046530130909,0.00863646408378393,0.102353942222601,179,0.00267291983641904,11.8002679525524,-99,121,Inf,179,151,207,158,200,Inf,56,42,1,0,1,1
HF,2018,351005,1,HF35100512018,FAGR,11.9111586322479,12.0029838525153,159.725803122472,0.07954324588424,0.293742522029177,11.9129089452387,12.0029838525153,0.99241047273997,0.0395265844598948,11.902621894775,-0.093000168192056,0.00753267577766348,0.0900749072766001,175,0.0018257318862247,11.9129089452387,11.902621894775,126,Inf,176,142,212,150,203,Inf,70,53,1,0,1,1
