sample,ME_skyblue3,ME_darkorange2,ME_lightcyan1,ME_yellowgreen,ME_darkgrey,ME_ivory,ME_skyblue,ME_brown4,ME_darkmagenta,ME_floralwhite,ME_royalblue,ME_tan,ME_saddlebrown,ME_lightcyan,ME_lightsteelblue1,ME_cyan,ME_midnightblue,ME_grey60,ME_lightyellow,ME_blue,ME_red,ME_darkgreen,ME_green,ME_lightgreen,ME_turquoise,ME_orangered4,ME_darkslateblue,ME_sienna3,ME_darkolivegreen,ME_steelblue,ME_plum1,ME_paleturquoise,ME_darkturquoise,ME_mediumpurple3,ME_darkorange,ME_darkred,ME_bisque4,ME_greenyellow,ME_brown,ME_magenta,ME_pink,ME_black,ME_purple,ME_grey
S191Fg02,-0.031134387751090828,-0.030926066757785198,-0.025880654010434156,-0.034184078735485124,-0.017712862146052853,-0.027225696011893064,-0.026561685191723833,-0.013831716253831394,-0.023426348869270548,-0.023542637809885525,-0.015584177755552332,-0.020042327036636144,-0.03321953218774638,-0.028537955558763515,-0.026592109701100597,-0.01009378407247061,-0.033605056383079035,-0.03493446339937276,-0.001382093384824667,-0.03302789356921839,-0.019159092268503833,-0.034810254262484505,-0.017003565406204697,-0.027621205624753203,-0.030129820142999558,-0.03286937501197486,-0.02624300251517464,-0.029717172885326718,0.9864028307085225,0.0707003801020096,-0.0025529652057464055,0.03213507133909031,-0.009854972409910104,-0.020642859060233998,-0.0023189154020057437,0.009660336034816936,-0.017153294954458713,-0.01860410065420548,-0.006502055420319428,0.02800602274552143,0.01489760434208655,-0.026458116440490065,0.00486225067945874,-0.01650018248279952
S191Fg03,-0.03149034583514809,-0.030373924722305948,-0.01868615821518811,-0.02818807768164122,-0.01116118432366886,-0.027016041576205838,-0.032699845064040445,-0.015358428102947644,-0.025472686126587152,-0.0263367955389521,-0.03925231239885141,-0.040411215147148294,-0.0412970460132861,-0.03728177110198072,-0.03126654712666141,-0.03401527082847178,-0.02936530986109842,-0.02046035387406764,0.014028342140122566,-0.03548657980012704,-0.032492623420042444,-0.03803129729118426,-0.03411981762249594,-0.025846929662491136,-0.031927970835186836,-0.03106803798594282,-0.032247749276656607,-0.04281330082693513,-0.018661413568438007,-0.036388506740426596,-0.002304039523314677,0.9848581288126446,-0.010348174103901875,-0.026049875059489663,-0.026387371353416567,-5.741971117454447e-4,-0.0038190240966451405,-0.021939984151172265,0.003669139585724901,0.07766811497638726,0.011511133340887714,-0.03813305250116861,-2.4396093011630482e-4,-0.01617050473135717
S191Fg04,-0.03065356296306948,-0.015401301703003242,-0.03183158163186716,-0.007228946592897634,0.010670754353141798,-0.003466588036533658,-0.03469286267759816,-0.0022018208562262814,-0.031109816716395983,-0.026169738044643762,-0.008204461490854964,-0.03589377255423731,-0.012066486545714017,1.240348527520585e-4,-0.03340872234954231,-0.02446239758410118,-0.03693640259549824,-0.03551058497716464,-0.02813988087262942,-0.02188579689866088,-0.029902265642298254,-0.0187509768661972,-6.638383727358144e-4,-0.014106225630877045,-0.009849866676228058,0.04246890920068386,-0.016700524784023965,-0.028571099943874134,-0.01232270850247608,-0.02664061268242507,0.008792436534518,-0.01661446305613906,0.009993765175752123,0.0076209281108648216,0.006078701830045552,0.9800624959949503,0.012160090096639598,-0.020043070693911702,0.03720937363088095,0.13224662753932506,0.035236330032906715,-0.031054648066248414,0.006568438979834501,-0.010526402078881003
S191Fg06,-0.037559826679001686,-0.029780703578757395,-0.02375664117391758,0.014156028125504788,-0.02288558485364763,-0.025178071058319616,-0.04438878831133538,-0.025907018628541147,-0.03168983309770258,-0.03141192250693742,-0.0412718370339438,-0.054332191360877365,-0.04093417085890037,-0.04315498605010281,-0.03996502554031434,-0.0490020228093766,-0.04923743079413155,-0.04881549125457191,-0.049833163955826404,-0.052847082518721826,-0.053163570007084854,-0.05317254825603548,-0.040515579799240434,-0.03916216700220916,-0.05362734168077679,-0.03938396413707489,-0.020830893813295975,-0.03480284524976973,-0.033179756812004683,-0.03534287920853505,-0.024055170624240563,-0.024655364028890837,-0.03640645913631274,-0.014374988577437721,-0.01780608856982905,-0.02137480002078874,-0.03547305034477029,-0.04116822936101596,-0.03972689421400044,0.0153103354793315,0.0026073422207707206,-0.056780752073476014,-0.033439501687862014,-0.01628039731517117
S191Fg07,-0.02601605972873968,-0.006734752054911575,-0.022594786135333497,-0.033668673723565315,0.009885698890343153,-0.01766740641270116,-0.02769000998364937,0.018305879864339823,-0.024968209745879145,-0.031680570251494476,-0.021474484822363374,-0.029843125611821602,-0.030414143697814425,-0.026996342719473366,-0.03430586150279207,-0.016369441077346943,-0.02880426067110658,-0.0291731725118926,-0.04295839693582859,-0.011900014520511473,-0.034266861229431345,-0.015007864283542005,-0.01537405413331283,-0.026257763024166176,-0.017795508849969412,-0.006687925008368404,-0.024917091161631395,0.04973243416152031,-0.012591891894005199,-0.025502038733159146,-0.013582206569020105,0.011780135534715883,0.0033619087906919328,0.011965630887466999,0.0027435190485393898,0.036456651929494474,-7.244515836834142e-4,0.007170017190852223,0.0015203061879154086,0.41059699190854204,0.9671601268196924,-0.027470606240287684,8.470016413486303e-4,-0.016719967650427714
S191Fg08,-0.03579715259136893,-0.03285576652694429,-0.03675400455165954,-0.03871193798345856,-0.037471830493207875,-0.03056722113820044,-0.03806266383798081,0.9836977146120998,-0.005950993916582518,-0.032840524860067256,-0.03975854487777859,-0.04849053393690832,-0.04369483742744171,-0.0387366383474784,-0.03604447552804087,-0.03423260785509813,-0.042802073016534166,-0.04366805412997956,-0.04581295756036348,-0.012745252237833378,-0.04748600387867102,-0.042480555416735635,-0.03245163278766957,-0.025078038497090862,-0.038316812363778124,-0.024606782592697298,-0.030547526542928857,-0.027649443700461098,-0.02492236198398796,-0.021805546095513238,0.013146421084740288,-0.022677001490055235,-0.001812092169057984,0.038531266602592755,-0.020194104085491524,0.0028358025743400778,-0.027923167888586668,-0.026176157994316454,-0.02910779747547102,0.02159336437664036,0.010244626049117004,-0.04556880494103739,-0.004067328508886317,-0.01639028989898539
S191Fg10,-0.032811865682285946,-0.03126721854288088,-0.0282573853912787,-0.009026116787005736,0.979494428784811,0.011661031681351849,0.06725682063043796,-0.024658589767175026,-0.0142657152973353,-0.02233232555422612,-0.0259725485237646,-0.04299580548374257,-0.03635995868857494,-0.03666026718663732,-0.019708826334256937,-0.030690339936176862,-0.016682275665125396,-0.021900961920807867,-0.02907923190701742,-0.033957188159545036,-0.029964813564088956,-0.042684961375934825,-0.038896488059592206,-0.03488706276579472,-0.02774751796159282,-0.011790312330019327,-0.027088218357567532,-0.02361708165604773,-0.028688543169333648,-0.027684796675621237,-0.026986293707084517,0.002800654245544516,-0.03116677852640248,-0.024259577026835656,-0.02638391131735616,-0.02481226747444632,0.0026666469481218275,0.013244411056814846,-0.01167367780137307,0.22372627258950387,0.043876409350616846,-0.024705097062635958,-0.005311160934793321,-0.016390289898985402
S191Fg18,-0.017564873552652197,-0.026439751525210487,-0.018294644784983854,-0.02246709861375083,-0.021621337763227905,-0.030082444150659148,-0.04267224287016344,-0.028787239368272127,-0.03138595722149327,-0.02030617288404004,-0.037852293512140305,-0.037192135225632805,-0.037430651273075516,-0.03369119824488158,-0.02321272829909313,0.008151353350599595,-0.02252188284749238,-0.04382489771034684,-0.05230720639417257,-0.04019851320723205,-0.03622651465323637,-0.03473199615472079,-0.005489495316433071,-0.016511929606109928,-0.040879041461188495,-0.04105919532013895,-0.03224774927665662,-0.03375812726488157,0.008603847650262878,-0.025122073479703216,-0.025870167460690433,0.00430526765921518,0.05836813898580729,0.9830427380392782,-0.009640549828385239,-0.002242210025326248,-0.021365170047442053,-0.019653082725014977,-0.009516832058938763,0.09610186594352642,0.015972644152283104,-0.04274949100037948,-0.007035485098056084,-0.016170504731357185
S191Fg20,-0.02306064806945527,-0.013973557046832556,-0.01711001616704547,-0.013752451141372055,0.011768330311981002,-0.02208074024702355,-0.012975570451075804,-5.828696131698131e-4,-0.02204891682815245,-0.027146916119591535,-0.019196060980745507,-0.010285687980464378,-0.02533889954038092,-0.021128734430027662,-0.004644218614219865,-0.007473048672416428,-0.020000511649588628,-0.03395901138205818,-0.03002992672176495,-0.0024485634053515847,-0.02574670099302547,0.021968702797138657,0.04023459092461678,-0.032715410875804304,0.012682235731924854,-0.03185933464208595,-0.02643109773959063,-0.009886303084669654,-0.005640044056859182,-0.010194562818203958,-6.726615016961782e-4,0.001547212717924562,-0.007876126680857375,0.0013831295944548771,0.023704614326264938,0.01047797399709293,0.047152062533652145,0.02812796501496705,0.07453702030617088,0.35098131664903787,0.06325309252126612,0.14817252998670508,0.9818112917052022,-0.01929268107323864
S191Fg23,-0.009572029442122787,-0.032405657511404715,-0.0028590902237623857,0.005454938326827762,0.008154667367378191,-0.02961301581617678,0.007569442544208548,0.031363867008130646,-0.02099837561109708,0.048588973098042866,-0.003779706199747548,0.030036329273460918,-0.011846696893420754,-0.0026060014833921125,0.016493186431233525,-0.0046547108783349,0.017030072300377775,-0.017347368558361793,-0.007527953448235563,0.007724255374482472,0.0018102602476040882,0.049652908474839566,0.0435213684278256,-0.024433053115011486,0.012389792192142129,-7.761538785328972e-4,-0.023727099474257156,-0.010727678067068187,0.023321485593888962,-0.023756274833580154,0.009358127765985907,0.0012813337913474142,0.04412220723326367,0.010189640811908292,0.04036765364817941,0.025005544575091455,0.07554734837899571,0.10565608306662681,0.972532420338106,0.3899195218541752,0.06301418601977798,0.0276434112843483,0.029762256864723613,-0.010521329076224436
S191Fg25,-0.03755982667900168,-0.026062559820896246,-0.024520231681898975,-0.03425791944631709,-0.03573151956606784,-0.039324923790764556,-0.028515698758057477,-0.01840078307284782,-0.029182055191523493,-0.0325705561794919,-0.021245341088345304,-0.028896419504261302,-0.04000464507887499,-0.026015313308079102,-0.03662751386346573,-0.03206604431878519,-0.03775260173877233,-0.0430913209474426,-0.04768231915102919,-0.039779174945096064,-0.04637099544682951,-0.03311139904666691,3.615382131346632e-4,-0.03769237229853298,-0.03661082283814039,-0.02844761139211395,-0.033755538954151815,-0.028665352235621274,-0.023511526403694215,-0.035090894319383635,0.9849980597279936,-0.021610307108358852,7.211577092605799e-4,-0.00866520155241026,-0.013124840523051745,0.029608884767091986,-0.021244028615207217,-0.01554794830993009,-0.008427704089527966,0.011228770174121256,-0.019036891393017872,-0.04154963358010075,-0.008387726765829141,-0.016170504731357185
S191Fg27,-0.02501674058195468,-0.03315583920397066,-0.021257588440076455,-0.01945048294248952,-0.007284875954773953,-0.01881058036612913,-0.034046933253092916,-0.007527425785866104,-0.02900893556242944,-0.007852792057747266,-0.02722601119144956,-0.03234313293256674,-0.04096664165915053,0.02173972302105847,-0.002347682722242419,-0.032403495106190026,-0.019053788963304747,-0.03600339970363677,-0.03676185707765604,-0.027120149336172218,-0.009580896809041402,0.008217580058074969,0.043637566871298814,-0.012657635983178633,-0.030635628314815175,-0.025966168162013206,-0.03224774927665662,-0.039111683383734754,-0.016050766819898577,-0.03851973920893907,-0.017752540721066086,-0.008797657049370354,0.9788564054403248,0.011244598502359903,0.014367679942588382,0.006812437480062988,-0.011176700493731756,-0.017902171795310232,0.01576744898315448,0.08124110863912794,0.017604637727818437,-0.0290551242067785,0.010264765385573733,-0.009976939159810539
S191Fg29,-0.018179383085508066,-0.026109495168168625,-0.018657610434122843,-0.028303399763411285,6.810519099296243e-4,-0.028596153992937617,-0.02386189033933108,-0.02838269717472474,-0.022413655845344722,-0.015779178771618135,-0.02929102471942142,0.052851388203955095,-0.03523004034073635,-0.03750188418157909,-0.022449258754471756,-0.022454230171125397,-0.030791913497937744,-0.04177281533298152,-0.028281149461668043,-0.04014668683243156,-0.033252579367714356,-0.019238960491314076,-0.04291089318071921,-0.03479151808468202,-0.02698568588476949,-0.030091567673541906,-0.03224774927665662,-0.023275550496119332,-0.022600225271495335,-0.030233304811024375,-0.024345881677756406,-0.005990020282685012,-0.0345073278495211,0.006025759569888964,-0.026814732189269795,-0.026888591005069476,0.059487874230967006,0.9701250767841249,-0.006484813653347507,0.36362314239749527,0.018550974660438882,-0.010861658755874942,-0.019102728619602587,-0.016829860234241812
S191Fg36,-0.006268057210828314,-0.02685967686073457,-0.03849880620375779,-0.02665934249952196,-0.02639645173564226,-0.03819375577633428,-0.03919023095317541,-0.022475129097841752,-0.031391023828267625,-0.012636595765680925,-0.034757660994621735,-0.045716826571145855,-0.04395393237735853,-0.04151683003309067,-0.028419441221454615,-0.042361811162625974,-0.04850827088826537,-0.043866919605799706,-0.04719974729610582,-0.046727736293756546,-0.04719906136211038,-0.04796787036292392,-0.042858858059267424,-0.03392097887059399,-0.044698288509642525,-0.029983790434076493,-0.03073995959916143,-0.02586032802756417,-0.03754343537623256,-0.038418376931273444,-0.02440437003057026,-0.013867154065439709,-0.015884898449761476,-0.02954627878704826,-0.017889465138131562,-0.019724517442421492,-0.030433713999034804,-0.041594644046906284,-0.026969600655177086,-0.009796168658560665,-0.02940479613143386,-0.05200010655069074,-0.0174476662943673,0.9789379264660234
S191Fg39,-0.03697638150891498,-0.03315583920397066,-0.03679939996523111,-0.0386227683601913,-0.0189125746225756,-0.03861973620217929,-0.04286331307524398,-0.028551305204083523,-0.02468554916881817,-0.03914621585093445,-0.039209542089438665,-0.03261853885661446,-0.04008274714212415,-0.03766549776385919,-0.035149963660409594,-0.03769616892384472,-0.04446919751361173,-0.04161429968319523,-0.04747873436294106,-0.04442675879873884,-0.04994363316497813,-0.028029713200204556,-0.015464925575920562,-0.02544093696590228,-0.03784488413917796,-0.028966135931264875,-0.020985524030582608,-0.028542107420548316,-0.023085500074557688,-0.03631700990522804,-0.017124110691874923,-0.01433993829575568,-0.015823664181975127,-0.025762057590394273,-0.02419494667848739,-0.012442402541493302,-0.02726303448708557,-0.020952428569602197,-0.031834002306494816,0.020083245423795543,-0.01704551696958201,-0.04843587070600181,-0.028857456309937152,-0.03646439813346106
S191Fg42,-0.027782825505825365,0.03955801681237229,-0.008394115104042407,-0.01552889620105825,0.007146833899883835,-0.006675100106853696,-8.39264144520117e-4,-0.02994649071388381,-0.016737310880801284,-0.034074873717629045,-0.02583290898341672,-0.02192553440449875,-0.006824688200526296,-0.026849385671370737,-0.038908614461145026,-0.023634172144557115,-0.035859226175217654,-0.025401478595338846,-0.028616101023442864,-0.02107713944041052,-0.012232452253133826,-0.02184110078921384,-0.01750272554979143,-0.008585154457583578,-0.01625571335662219,0.0021434489948766854,-0.02204201741916439,-0.004775059718538544,-0.0014707310320847351,-0.03670982013125032,-0.010555652955356765,-0.01327369153110681,-0.010425583776950824,-0.003761992019032924,9.909670490526007e-4,-0.003557975996393345,0.9729557380638109,0.03684427261944056,0.004804333568257793,0.34104127872183715,0.03759307654253383,-0.0077978831542012015,0.004131456216267294,-0.00896531390794034
S191Fg45,0.004542127539258928,-0.02685967686073457,-0.03315354485132048,-0.029184673536330204,-0.01053800197052703,-0.03859136419365344,-0.026073330217198428,-0.008187074995805451,-0.029929882212599193,-0.021883685757241637,-0.02903793070693514,-0.023987301829258255,0.04087719345165865,-0.010666831018781941,-0.01787991879647096,-0.01636152627876084,-0.02830514003221482,-0.024606274863160086,-0.04009534053240363,-0.02978031240781949,-0.025045968113332692,-0.006054066306636559,-0.009789746846548632,-0.020855964905456388,-0.006627833224467402,-0.03350130997531741,-0.020846378380561865,-0.03644631914889031,0.003779434839987459,-0.016315604729918592,-0.022751859779316763,0.022600909130655933,0.032045723408537535,-0.01478684988654078,0.9835958494185287,0.011029783178606973,-0.005877525292744215,-0.006719888871399838,0.027927987518407645,0.11062614654752434,0.01806192334035783,-0.020799768729560894,0.021941108849523962,-0.01681971422892852
S192Fg02,-0.020693236499894282,-0.024130355308327765,-0.03396687598109308,-0.028478968173608024,-0.03784176880719999,-0.022819337180278617,-0.03891305419046065,-0.0288000931817932,-0.03144135198286186,-0.026852716215119355,-0.03396373810682578,-0.04621116920401945,-0.03888676706243957,-0.04282824043164389,-0.009328648413745604,-0.04215606744600817,-0.035351133982903966,-0.03973183029601126,-0.022443431052941387,-0.051009201914326514,-0.046005881192620356,-0.05620456541349256,-0.05084944723740501,-0.03680263228221637,-0.04867604530904538,-0.03947977814584048,-0.03224774927665662,-0.040944884711003465,-0.01528673442888245,0.05560857819898799,-0.028076486341685986,-0.03770791336495578,-0.045618889961301035,-0.035491076049793936,-0.03902232595182944,-0.04107477418207723,-0.042305143048160826,-0.04822293948230716,-0.05114176849227647,-0.08584593249261006,-0.04872242679951997,-0.051156879938104034,-0.04605480745046956,-0.01639028989898539
S192Fg03,-0.01140676160946127,-0.021536504267342098,-0.005559160144593024,-0.010019006781800528,-0.025553145086685304,-0.004517210568139583,-0.017201209873436242,0.007901660005178354,-0.01980686204711212,-0.033573392307353025,0.007462958692995307,-0.014574263314933309,-0.006061565483273804,-0.01572825458871769,-0.008868968793814743,-0.010751203486958323,0.0070805446476400035,0.08318205328781828,0.9391343510746407,0.0035185780455324433,-0.005341509885735612,-0.01897706995855102,-0.021931057891742285,-0.012066386891991274,-0.01402043502290273,-0.010390986521903085,-0.025292188081884652,-0.01592482559517174,-0.033040930249096906,0.006456309108467263,-0.037489731730728185,-0.01383989374812275,-0.022491108966620665,-0.029742757439069765,-0.031147474240147896,-0.03136859400965136,-0.01817467997263858,-0.015268456499207128,-0.020784403444906844,-0.07349871168076387,-0.03756194998025295,0.0036664088540742062,-0.020393114451875905,-0.008305958405055736
S192Fg04,-0.024674974496323623,-0.03315583920397066,-0.03793233745758223,-0.03346308406180129,-0.04679029408308858,-0.03861973620217929,-0.03693772092410456,-0.03112967856298505,-0.03517295255780292,-0.029358365529255227,-0.03827986455752783,-0.05238947267413057,-0.03474855938538056,-0.045979861150598864,-0.02972273958235429,-0.05031171530915933,-0.05165283195105971,-0.04253649953248972,-0.05350138170179859,-0.049260904109980276,-0.052984911973576763,-0.05711622530960585,-0.055112573456717585,-0.03969454328579239,-0.05153139518488637,-0.00806739473069791,-0.02848195228231529,-0.04256238690245948,-0.03680963662983408,-0.03269416079884466,-0.03970926494658863,-0.03875187980146644,-0.035460273327988213,-0.027614942860531483,-0.040476214963176306,-0.039982816206165846,-0.05034783495631174,-0.054135867631446975,-0.05904376368516947,-0.08795474151803047,-0.049564284034451546,-0.06333686371818498,-0.04426957771525412,-0.018438554397431157
S192Fg05,-0.016595260300093076,0.0017843413342372545,-0.01958273516678982,-0.00914406555200363,-0.017339005675291203,-0.0037985393810286783,-0.008128858854934428,0.008777779322022783,0.007758899610521112,-0.016621097901935968,0.011289987367477944,0.01916608413007405,0.011789458494102017,0.0034356066710757175,0.0035145329047013367,0.019649032098904798,0.013187731475359179,-0.008341648350851414,0.009778929613020583,0.01539209220553939,0.026068529103074778,0.025848793826678314,0.0057546382447615195,0.04996036551113449,0.9675925273584401,-0.004436231639287016,-0.00603944414748948,-0.00314323422129511,-0.010268176130999777,-0.01849241020077577,-0.0025660352592191786,-0.019328351590948985,0.007898720391738915,-0.012496779432604622,-0.010748123724251562,0.015030138024137787,0.004124428916398784,0.003695276576872259,0.006889501840268191,-0.0431451698178683,0.0023059166711813,0.03764334615516289,-0.006896758307966125,-0.00841585098886984
S192Fg06,-0.025929061196844932,-0.01971753349997489,8.792632889198842e-4,0.9865497864795303,0.004061210301724058,-0.012025848034914504,-0.028451861472886013,-0.028551305204083523,-0.023483766374630198,-0.038253531713784344,-0.029186201737318077,-0.029203941205102765,-0.026050234862119256,-0.019128642604281317,-0.031448955765925914,-0.027275412727394224,-0.031879496570660755,-0.03826104832779072,-0.026901798638308543,-0.028595670160980444,-0.037724433187958054,-0.03184688904597546,-0.03562155898038459,-0.03170398748591385,-0.03490493980018247,-0.015332327759742841,-0.02848195228231529,-0.038518132934727195,-0.020096840181747976,-0.015352198450351481,-0.015860075333231645,-0.02559569171847698,-0.02033234881512453,-0.035555700117641614,-0.033040608376315034,-0.03321891527416693,-0.026930020030422733,-0.03602150721502456,-0.03437934843569872,-0.06090263876094741,-0.031334148189544594,-0.034157519604897775,-0.030093876013143794,-0.016170504731357182
S192Fg07,-0.0047122113748896514,-0.031117182204367683,-0.03265253621448123,-0.007770460462815005,-0.03200279598652174,-0.014177263565236388,-0.020196842131262677,0.001632504304682616,0.0031923894352438786,-0.023715906591537047,0.0033334898633768754,-0.015380834162493261,0.025266639503488245,0.004624167765737849,-0.035294283100689786,-0.017370872141957292,0.0013763845199285325,-0.020922852140430527,-0.016562977358163908,0.033493645856546767,-0.009302713640116573,-0.024384043273420173,-0.013459211980476391,-0.014315741661588399,-0.002804899750509252,-0.008364886839317676,0.004287284581776558,0.9799212869658853,-0.030688821744554725,0.0032285232663299386,-0.0272887612954355,-0.026397792167205784,-0.03719503416785247,-0.02672363382118037,-0.018048340902071566,-0.032097880926796704,-0.031054754374451866,-0.038995087236385347,-0.02428589387231312,-0.07799231907173251,-0.022815288135352014,-0.016768761726698438,-0.026730910524122936,-0.00819606582124165
S192Fg08,-0.022159764321923795,-0.011312523657411805,-0.019785559807639703,-0.02458359217019728,-0.03579187688189401,-0.021823010277996983,-0.02706065756021365,0.014992228132694132,0.9870552489830512,-0.025479966298777322,-0.029399128974867374,-0.03641107812401096,-0.00530721176302882,-0.02542684762036276,-0.034162681064133026,-0.01719504940826191,-0.021220590671725756,-0.027044317110121296,-0.02089381452204338,0.04512146787169555,-0.03262584239930527,-0.03338331370919299,-0.016501131990108272,-0.024312551901485763,-0.02476322834451835,-0.02625699386311014,-0.02326824720596666,-0.01500197402662637,-0.0291490790912874,-0.026232446135436373,-0.034863796211346845,-0.02676914470846909,-0.02904057416440251,-0.022127228924721826,-0.023894462553072884,-0.028153638799598615,-0.03769141190098573,-0.0406468762405938,-0.035824384283568204,-0.08156234208151861,-0.03132721254175674,-0.026643297486148913,-0.03194060562800148,-0.00819606582124165
S192Fg10,-0.018551579754593626,-0.016713182234140762,-0.005214723334961071,-0.020585322695478237,0.03908457402015267,0.03274112682921379,0.9549748606491366,-0.03623545418337157,-0.01804600450843605,-0.02378682427149142,-0.02090376852676254,-0.024014797882437496,-0.02787300688711208,-0.033099973072655754,-0.009354685261893042,-0.021475667751779618,-0.02978491447399125,-0.03760742535178346,-0.03514554651544922,-0.025473051563700902,-0.04664959660441734,-0.03706983408739602,-0.03518767108380824,-0.028325893861983933,-0.023120483571475958,-0.039367736260354995,-0.03224774927665662,-0.02608316159020452,-0.028650735377223454,-0.02593610414571216,-0.03591575067352107,-0.02068201830429544,-0.03550848090374976,-0.03562032418548926,-0.0247701726464714,-0.03925385528439352,-0.01762628021054595,-0.027030740246176715,-0.03382298125707462,-0.0673545108244852,-0.03394059975121928,-0.009779014222307222,-0.035890389972896536,-0.00819606582124165
S192Fg18,-0.006686449772729707,-0.0068095073126751065,-0.01798709859075527,0.003936718359140874,8.262102572582454e-4,-0.013948746026802692,-0.010273997444455896,-0.024766417221579674,-0.024508427880213127,-0.0139097496643826,0.04057046235701559,0.014300136330733522,0.004417481165604429,0.027028193089511893,0.04349433809983591,0.9814761772066168,0.05370726178712673,-0.007229063989014585,0.007756779528609549,0.010127691007989777,0.03197367885532592,-9.763632392298581e-4,0.01250728091768096,0.04004214141690542,0.028626038289873715,-0.019784066817482467,-0.028450399241207437,0.013971379253175894,-0.013901352800216631,8.589273730194378e-5,-0.010933887386107422,-0.02616864025677551,-0.0211428205204957,0.0029097130213609867,-0.005217251396327162,-0.028207925922895297,-0.006167963338559166,-3.323867652554018e-4,0.008435055943161247,-0.05406072819523549,-0.016887555177526457,0.032724262771151424,-0.005408026874834821,-0.020131933188979118
S192Fg20,-0.020134808661584524,0.0040039800203293665,-0.01626165587817084,-0.004492747029740396,0.024295294359022664,-0.014680098075810355,0.011031544968203248,-0.03623545418337157,-0.012556756446588976,-6.355847645931597e-4,3.8867025717343086e-4,0.04356476723699408,0.005558076672060992,-0.023511773813955427,-0.001218795716636025,0.010452079579139927,0.03817979332421967,0.015044285903935174,0.011095166202117064,0.01733251241047191,0.018938707583409202,0.007433756482083982,-0.003604027851639128,0.01932563640187296,0.026613618591503033,0.004288776654341918,-0.006313517222511373,-0.004111457174557336,-0.02033754991397548,-1.16404630789386e-4,-0.012402003050321337,-0.004237390129873214,-0.01458370656997348,-0.02756905704105837,-0.009819984243879185,-0.016480793191992565,0.0064047755989306236,0.028810289595226354,0.022598599382479212,-0.019688997906840727,-0.012979295772637971,0.9594177000222884,0.014477737795493125,-0.00841585098886984
S192Fg23,-0.0029531223854568594,-0.01949152965173103,-0.00828750342630182,-0.0172884006684682,-0.03653950474081365,-0.03789882588979702,-0.027556033860786904,-0.03623545418337157,-0.00750700794919528,0.9838860843277529,-0.005787722685550837,1.4290421795298274e-4,-0.02242564252851148,-0.030512411638606764,-0.034818314320789565,-0.014754191727487955,-0.020805560275229933,-0.023074845284365913,-0.032521899606554126,-0.037856662477249954,-0.044551686408770184,-0.039545261696743834,-0.04111442131194251,-0.02624205649559394,-0.02932578040591343,-0.036831589100176684,-0.033755538954151815,-0.034009299311953324,-0.01797950979185857,-0.028128055950556133,-0.026716427402862272,-0.030373467558705833,-0.02811984879939393,-0.028641065723028363,-0.03026412690478895,-0.03240894528505479,-0.03142574105841968,-0.02386187389252708,-0.019913243996291855,-0.0744460921337963,-0.039334530151815456,-0.03063122696435421,-0.03517814177041954,-0.016170504731357182
S192Fg27,-0.029279747595950933,-0.026433730729608175,-0.017255893562170263,-0.003959787499013626,-0.03685616972514362,-0.006687879547303806,-0.04234436344312843,-0.03623545418337157,-0.025981850837328242,-0.04052559597336842,-0.02610396484946744,-0.03700920865104369,-0.02015041490628935,0.03837157920783029,-0.023310187805211487,-0.031845606491748474,-0.0193627376656637,-0.040904502173723746,-0.033408982172981744,-0.033318226409753404,-0.003886145522975229,-0.03909447258814075,-0.02798109605101268,-0.020034939668481584,-0.037266107019391016,-0.04110661903388321,-0.025424921826721823,-0.03528916020446432,-0.01973201626895842,-0.03657770919739643,-0.02298342135151889,-0.037042249361561905,-0.03690513167223595,-0.029492830237677355,-0.02415020065138381,-0.03117580603745983,-0.04145269487122208,-0.04076454724661742,-0.03684039919564507,-0.08396844458808576,-0.03311089122442365,-0.03891238998497734,-0.033712048483637604,-0.15619041334174294
S192Fg28,-0.0016259252570341675,-0.014211651296781258,-0.02543096503435039,-0.006522264427614389,-0.01579545294071101,0.014239758100224825,-0.008037728814675767,0.008921698235652918,-0.010625859809718913,0.009090228853309365,-1.1883678215099433e-4,-0.011203568178191441,-0.01032507982367072,-0.004223220591124178,0.00428330031952691,0.0284768090672698,0.010529406383156425,0.01662823643787218,0.011139838386113717,0.0057464333050408975,0.9682529904686094,0.0094163596001009,-0.004959841821468456,-0.023898268789679274,0.025759367910268744,-0.009059394370922279,0.003418913147539006,-0.008274284004093064,-0.012379396491087588,-0.026522567810769074,-0.02306186838570309,-0.023537131369290726,-0.016458555148621202,-0.01733629112629413,-0.017266906444964203,-0.013549356302913181,-0.026967186263590705,-0.015549737722027153,-0.014963550827123397,-0.06507016856467034,-0.021273918508713848,0.005216232262088508,-0.008477378924714748,-0.016170504731357182
S192Fg29,-0.03391088071129526,-0.020960340088258207,-0.02036198091637314,-0.029206022213706686,-0.043827770530212716,-0.03603741411354917,-0.033494725925506445,-0.03623545418337157,-0.03294501386307074,-0.03701618408413722,-0.03665142720518872,-0.01870514254560795,-0.03859346553895817,-0.04656944302734805,-0.032388331372850854,-0.03958253407475507,-0.0451630532345608,-0.044775263075962954,-0.04536784174457975,-0.05332455460420141,-0.04830821953331258,-0.05703610348041435,-0.053050033802071905,-0.03951618965616733,-0.0558955695026451,-0.02867402463754521,-0.033755538954151815,-0.03992561248381514,-0.025417338108628312,-0.03785495241973349,-0.028615688150732226,-0.02478246693054671,-0.037125164838912955,-0.0357495723211846,-0.044504523108828006,-0.035658651532344876,-0.048035545317952656,-0.04214955373290227,-0.0540165653729511,-0.08081034300153607,-0.04855501527203678,-0.04830241475824824,-0.0445949339143235,-0.016170504731357182
S192Fg36,0.9862869961173487,-0.02057593915262704,-0.028905448595326674,-0.02092638572524106,-0.02749422135618603,-0.03173988424448468,-0.01836976452433165,-0.02457287501415795,-0.023518235543844763,-0.004970379033222755,-0.016209532759158114,-0.041208648775410715,-0.028403770071771667,-0.030461601132605137,-0.04081985373959817,-0.030290267699530398,-0.02956691005117573,-0.03802087587968463,-0.04192642972268193,-0.031848881553287606,-0.005540493588157078,-0.04262097125864248,-0.045098133337891956,-0.01830931166989641,-0.033747915218505564,-0.027957133499623105,-0.007652869509030253,-0.02252924944089053,-0.02212458548459847,-0.028354082880277937,-0.03009779645660291,-0.03461228557299933,-0.019369209688619687,-0.0351679557105556,-0.030226796386799017,-0.03591929687639787,-0.03722806918613283,-0.03715719972374783,-0.039897063429833964,-0.07826052720946425,-0.044354887544761024,-0.03568193696680525,-0.0388189138744976,-0.016170504731357182
S192Fg39,0.006053368972309293,-0.015240341924106008,-0.0071476262321702195,-0.016026219413644755,-0.018780850429125757,-0.01993022772417632,-0.014186976412621684,-0.0273851077207878,-0.01773376832030095,-0.012867348599250419,-0.017190961801583256,-0.001003205320562367,-0.0044460480035756695,7.972471515669726e-4,-0.014834576076677463,-0.005841927088575804,-0.007126136764095937,-0.01706821409255377,-0.011782443466459862,0.017510385193836707,-0.01924077579794431,0.21767112928481602,0.9751012319299021,-0.008863104058532528,0.03456696900290318,-0.008780841772083735,-0.019944665730637936,0.011417849648489157,0.012273811256645823,-0.028204338468777096,0.013156108259768106,-0.014073846729071167,0.005833510248797652,4.871367470590335e-4,-0.015852363879346864,-0.00970540673526468,-0.01879762680368089,-0.01751161611685272,0.018840830384978496,-0.06319204725083646,-0.012764442111683951,0.0018655251770154418,-0.012889865790478176,-0.009976939159810539
S192Fg42,-0.029128456290881323,0.9833444620514187,0.00589167209274491,-0.016126792782614165,-0.0389564575698142,-0.0026505454878562123,-0.0372724993015885,-0.02731930503177293,-0.01846001901816326,-0.018301346362045428,-0.02910432926973089,-0.02518323979029863,-0.017411859845226172,-0.02893353700012548,-0.022020502475464082,-0.02888279561801692,-0.029285376815270662,-0.021643520576944936,-0.03289188790127803,-0.037732421975885645,-0.038925394121851545,-0.04005231368165909,-0.034086618274792146,-0.009992041612973013,-0.03457952710882825,-0.017058031379346535,-0.033755538954151815,-0.002003432234618064,-0.02423059133342704,-0.026249693273984374,-0.03970926494658863,-0.018122808934774033,-0.037532395092053035,-0.030709512008306263,-0.02497859162312414,-0.038077636777057,0.025317204208222817,-0.035983143010313495,-0.0451688791737223,-0.08016539411263257,-0.04423284291751125,-0.02216697638797474,-0.03912978524553229,-0.01108846147733439
S192Fg44,-0.00915947118779177,-0.007728327988196825,-0.015984595833874165,-0.0238059912047218,-0.016390746252195804,0.014147317819814282,-0.017896034677515812,-0.0229623123415226,-0.023409935103764733,-0.02264337905462993,-0.013579083580865174,-0.0012624166937269048,-0.013939963364186467,0.004525636003029318,0.006087557364909803,0.04216740509295048,0.9733325567700611,0.00434542513905938,0.012766077080586889,0.0027217460623469407,0.030242681804599617,0.0020340220566076594,-0.007538007757187396,-0.019548741682223685,-0.0030265754602172316,0.026312377060777214,-0.014888863983546857,-0.0118467684093656,-0.033840159219976296,-0.009376060571924123,-0.034918179926188675,-0.023956024572391574,-0.031281312361623764,-0.015785643430342756,-0.02285956442123888,-0.03698552650715226,-0.02228925097685827,-5.201741854699898e-4,-0.02243744630516823,-0.06505942353711971,-0.031274990530958564,0.03504603578194118,-0.0225908545652623,-0.017234615017382528
S192Fg45,0.011724536484706763,-0.012496303495276816,-0.0029565073106382826,-0.021534665032554023,-0.04318939227306014,-0.028494046432509853,-0.015738876945014448,-0.010360522724355609,-0.008913108490386854,0.02064277977130363,-0.0365453431411377,-0.032383524845103255,0.019854311160585048,-0.025202965643256282,-0.019265471296008734,-0.034062787895549854,-0.0226610012427065,-0.04018751775160655,-0.04625712251952341,-0.03542568511817472,-0.03935178794863598,-0.036831438450036925,-0.03116575127065221,-0.023818010342793287,-0.031328884960794876,-0.041134656098040484,-0.011917594383660132,-0.00837732828240449,-0.028271165782540617,-0.016054356497479227,-0.02802970817055593,-0.03135476311198412,-0.027318670167947492,-0.012265472778355359,-0.01966702354582725,-0.03670033288747702,-0.030003472242065406,-0.03513602014771602,-0.040611269773269135,-0.08022067404629778,-0.0381714912843732,-0.03617002419353051,-0.04026060617700794,-0.061446813562202454
S193Fg02,-0.018987487122688426,-0.003601534064187929,-0.03369276789974649,-0.030325250794243752,-0.029991218817169582,-0.029125172589557186,-0.019501002826069126,-0.021976013968809955,-0.028602057871150128,-0.018649309091307485,-0.013593620383741562,-0.0104565344287791,-0.0235543215254211,-0.013783444824826284,-0.01975617479988824,-0.010275486276388395,-0.025682570560874845,0.010383510388567475,0.012373522618329606,-0.023886034301927848,-0.03282050683713089,-0.03112862707322631,-0.035471120678881855,-0.016373644672832102,-0.03264997268090084,-0.020952427055417076,-0.011818696219005243,-0.027835409971619617,-0.019552544635357515,0.9792963835163764,-0.03209380127527233,-0.028098046580220217,-0.036758268619028325,-0.03542645198194628,-0.03713742828067756,-0.031150136632390808,-0.03415196318690306,-0.03161119154419047,-0.03835965113436418,-0.08165328882888283,-0.04283571857812972,-0.025633826637016074,-0.02992232090837426,-0.016170504731357182
S193Fg03,-0.03020368651341959,-0.016397170422211185,0.007153422178791898,-0.02128994639896548,-0.021549666635869193,-0.02534348017962946,-0.018053171038641312,-0.02541163614673321,-0.013441880230285388,-0.015409836496719795,-0.014551391647470081,-8.649241017505921e-4,-0.006822478632590627,-0.016479627853785577,-0.00647723827144671,-0.006137781745535294,-0.00428329196214351,0.9704995152768485,0.2597954795097002,-0.005254686494350027,0.0032197352854426062,-0.002262418771166331,-0.0032416976315508468,-0.008058946434195214,-0.012598297024382416,-0.019546592870212317,0.008055847682974389,-0.031720184479288004,-0.021003210070355872,-0.013659992698192099,-0.03295338258695874,-0.0072218176727767225,-0.025573892575621267,-0.034974083507012615,-0.03142252704077908,-0.021427837915424134,-0.025876810780305508,-0.01830356455593825,-0.018932542092176912,-0.07532375080885198,-0.037754119221776385,-0.004722964815400946,-0.01603259792343384,-0.016170504731357182
S193Fg04,-0.01585143585225117,-0.024670114006488095,-0.03849880620375779,-0.03062844530832577,-0.017251786365618523,-0.029744359652937705,-0.023658372432885943,-0.013696642134806675,0.0019449033109100904,-0.02358920216201139,-0.005680136013161426,-0.023222807002932055,-0.02565742663742932,-0.00706307171040691,-0.027891901971287526,-0.013187244261580067,-0.026115966723079833,-0.026907927108627536,-0.017912003794443392,-0.014012053179730194,-0.018852973506495157,-0.03601409741278548,-0.04082206418156857,-0.017945822279739336,-0.0181580317193128,0.9824825140647989,-0.028879881763049283,-1.2864745875306543e-5,-0.008584502252644422,0.005498094878991063,-0.034075481874693496,-0.03334626741018417,-0.03246966431776072,-0.035297203846250944,-0.03545378011808231,-0.0038329453417987208,-0.033657504371488005,-0.031208778223539946,-0.034141667655603274,-0.08048667641393234,-0.04135183970585406,-0.02527203799812518,-0.043307643825672835,-0.016280397315171287
S193Fg05,-0.018999449053263767,-0.02583960617115772,-0.015788131919430754,-0.011322362446008065,-0.028852159022267284,-0.014321537260074764,-0.01707843750791562,-0.014381470301329342,-0.023392384933895997,-0.02756463161291734,-0.0010876225688078896,-0.0051713001007831156,-0.016888548145213487,-0.02425904494888065,-0.016069817261611632,-0.01590667063344932,-0.009966009148409923,0.010343045958202722,-0.005279257102759123,0.013122441317319496,0.003621493848699205,0.001587874849763359,-0.010572480148236899,0.9828812970619777,0.10683416435731242,-0.026885241410982627,-0.017080581386220532,0.00258903087319257,-0.006200434887951753,-0.019319601758485565,-0.007152602321467883,-0.020449301124512348,-0.016381193686420242,-0.03077352324001169,-0.03600980921251028,-0.022669626506106228,-0.03125489785507682,-0.023878090071238534,-0.027975146377507375,-0.08027573220266568,-0.03675312441906675,-0.020439792115869798,-0.010704578394692714,-0.019205492891318017
S193Fg07,-0.02552088947291872,-0.025222618129725274,-0.00877270696968173,-0.026815661843582694,-0.03494960952379232,-0.010332685497123318,-0.032535038077676236,-0.0018899682246758189,-0.0044662587027441735,-0.030220214700486702,-0.03544112657213131,-0.03463554691592874,-0.02770036117433067,-0.022444114516186928,-0.034703860758489406,-0.022685586185777575,-0.03824115209019728,-0.007434455678023504,-0.02547364080544395,-0.004057373898689983,-0.0040982317419840895,-0.04417348118231271,-0.04528499597137221,-0.01941046185942164,-0.04024123650805163,-4.7285225979493183e-4,0.9843412316875702,0.053874523659532776,-0.021307671795141862,-0.026880884639828156,-0.018381287371276537,-0.02691338829445771,-0.03343785807188946,-0.0340047224892976,-0.01742451179865788,-0.03435276971473467,-0.047150811165012456,-0.042765538459230826,-0.042420281855356526,-0.0827345292781793,-0.041485104320110266,-0.034999447421604706,-0.030219352020750167,-0.01690493726594021
S193Fg08,0.0025588903348791403,-0.01894253413270325,-0.01684486883222622,0.006831944236165829,-0.006192801633375322,0.021341862001763932,-0.021630176658676135,-0.018776760249033592,0.01696109031231813,-0.004733402320434714,-0.002732324944108463,-4.883096696867544e-4,0.0031092300332670386,0.0016019131740329646,-0.0010391806066885195,-2.4342472006822074e-4,-0.0015463941109611213,0.06750612175495839,0.025713170168071925,0.9762054023967593,0.09513761887136189,0.026719090963491607,-0.0030511932784523577,-0.0030730121976297368,0.04860076138009963,0.0024454506032121795,0.04220661088569535,0.00885968791999112,-0.008916107988837543,0.01575678621289579,-0.00566984664717434,-0.022581110101919342,-0.012800449421737334,-0.004603250334895445,0.005472126876565106,0.00283634773875712,-0.019650812751510666,0.004781045370789867,0.002249552562565567,-0.056833713285931085,-0.023241543559384483,0.031230472787508217,-3.6726925982580826e-4,-0.017621700318483813
S193Fg10,-0.02906437004661461,-0.03315583920397066,-0.028982976944287135,-0.023040613411056416,0.040616717013464726,0.9839392320804082,0.21184295238213063,-0.031121183380082292,-0.019764033888281473,-0.02632724115293433,-0.02710629752411432,-0.030416123665203028,-0.018672484914762227,-0.032347328157592836,-0.03297745813837808,-0.03944902247423215,-0.03337034959373751,-0.010903361300475332,-0.03334746150573626,-0.018964686273031297,-0.023709977778794647,-0.04434928210877114,-0.03990341754833094,-0.02672408200099714,-0.031819138109382285,-0.03496102341645831,-0.001976429037301908,-0.016174866405386863,-0.035174175816706635,-0.03139285140440331,-0.02587076966901875,-0.02629603771305313,-0.039087509696166166,-0.035684948253336936,-0.03176926261071914,-0.037921121568466394,-0.03476750225675922,-0.03718915104672667,-0.04505760944010609,-0.08220396039062024,-0.04639883557357622,-0.024046647082575055,-0.03579175621381931,-0.01681971422892852
S193Fg23,-0.025212292968591277,-0.03270573018843109,-0.01617486201550969,-0.010733226119261887,-0.029364088030882585,-0.020545409691941758,-0.025712160060636504,-0.02672153480175972,-0.012012560071265051,6.813039781984418e-4,0.982890003560532,0.023501579545336118,-0.010700694579919888,-0.0072931035964339894,-0.01997319605085994,-0.01550242799455075,-0.023261539077454863,0.03525041016563984,-0.006587468772229771,-0.003409554901291163,-0.007611817160392811,-0.00904666235399827,-0.0035725131765949043,-0.024993797825274944,-0.020736958484899863,0.0026650256437485143,3.4138177507058755e-4,-0.032715139699982056,-0.02119250824355449,-0.022967065094875613,-0.022461450067423974,-0.03092476914088788,-0.018760469903018624,-0.035297203846250944,-0.018203852716711027,-0.02512620074548118,-0.03277913023912753,-0.0077220571778473185,-0.01305656690778601,-0.08041683839021387,-0.03631976197905518,-0.01043179873786718,-0.013098458650727235,-0.016170504731357182
S193Fg25,-0.02783976328259423,-0.02905152748472768,-0.034442734153385744,-0.03214010325708688,-0.04731494713142434,-0.03227789688808445,-0.03543445212327042,-0.03623545418337157,-0.03576078585733461,-0.026288571822931952,-0.03651561239943808,-0.036551113283483296,-0.03461875714285443,-0.04485029609104853,-0.04157004616694925,-0.03305018971345148,-0.04933532033312283,-0.041585376770646804,-0.043516530015456155,-0.04960801638870827,-0.04886213209145422,-0.053014423601342814,-0.04465964772975222,-0.028928116375844026,-0.04895337081272433,-0.033796025035463355,-0.033755538954151815,-0.04225638748156884,-0.030612752889315017,-0.03567501026222802,0.009340166469033519,-0.038013551918857524,-0.04142228596760987,-0.0357495723211846,-0.036119300795129955,-0.038719047083889686,-0.050487317420115765,-0.04656156536583366,-0.0540580926543145,-0.08756116734065716,-0.04964706706733187,-0.05549253152609125,-0.04168198903349633,-0.025627500580589588
S193Fg27,-0.018097739145789868,-0.026355708287418414,0.010124072947174776,0.0050675887635762695,-0.018500681313127734,-0.017618517909058475,-0.022040409561337924,-0.03623545418337157,-0.007682211900092155,-0.028238638747002436,-0.014892990144395551,-4.284330275199366e-4,-0.009715774208515398,0.9802430116277104,-0.005045190043892049,-0.006880887552292861,0.017556958434268022,-0.005976068712675658,-0.01239077137034872,0.0015270063914571432,0.0616136582669405,0.013283178179530952,0.009639049377610133,0.00811877927472956,-0.008070397463044242,-0.015097992259308404,-0.011122689834168503,-0.024351748848315,-0.013440591428733356,-0.027760349953635823,-0.025111872026481036,-0.02656006691901262,0.001610496692760833,-0.02307584858276755,-0.0231283386883463,-0.020778722450274477,-0.03415886738215717,-0.030710668236020353,-0.005411586886632604,-0.07645580229424269,-0.037543263131848345,0.008499717035002408,-0.019088097999774564,-0.016280397315171287
S193Fg28,-0.027922677952143118,-0.03315583920397066,-0.03849880620375779,-0.022160722767345393,-0.03767201676223467,-0.013271391399760591,-0.03763833146461917,-0.01772737985584596,-0.023716833659988872,-0.020062678016903545,-0.027698863135388645,-0.03838822110601965,-0.02931737262078512,-0.027353198104613397,-0.0034397810933989863,-0.028044453286272402,-0.03454802899070195,-0.03354063064742186,-0.04192475402650777,-0.038878510556049684,0.0012794875995882843,-0.0376932907004631,-0.0311741820296285,-0.025476513147544715,-0.04169524958032128,-0.03441532260313412,-0.024653049205758254,-0.019107780035962703,-0.03370907714513361,-0.023484487217900966,-0.02962435171285867,-0.028919210302307447,-0.03793745581431878,-0.0357495723211846,-0.031199240446584075,-0.03404248951795377,-0.04274152494511104,-0.053926018927649935,-0.047274577618117146,-0.08442766796905041,-0.045907140439513855,-0.05243160090296556,-0.03325339076863622,-0.034292094811005876
S193Fg29,-0.013679721174420695,-0.01949152965173103,0.01214276485402904,-0.03103530057556566,-0.029665617217467195,-0.02174474374906297,-0.007817879420522516,-0.005354020626484047,-0.013497704764854906,0.013438680553216372,0.022910330944626328,0.9758931302498004,-0.001896902950670247,-0.01875734142959915,0.016644163393518856,0.004658393194505021,-0.025363774058330672,0.014545118119447004,-0.0022155985597313776,-0.00436209709175638,-0.006891872595990129,0.009047420022720305,-0.013762820772082579,-0.009038817012813135,-0.008774132986451964,-0.016278524298267188,-0.012736836746131127,-0.019614487817794454,-0.010676208864622432,-0.016500524071554615,0.01471288198977831,-0.021045513030034595,-0.022524910104096973,-0.013450282686095194,-0.01634685328123314,-0.0176948963148934,-0.01907460387204577,0.02807096041060235,-0.0013940561439111973,-0.07039335486008676,-0.02745244875093403,0.005367066330083122,-0.011563275066400376,-0.018870780220021654
S193Fg36,0.01627391445818452,-0.023936676742203396,-0.011302727595923198,-0.02624262861051528,-0.039191856188926705,-0.024983940090021715,-0.029640279065147178,-0.03623545418337157,-0.017261772818294954,-0.03063833036805142,-0.03385419666574039,-0.04273725626740426,-0.03660938453907253,-0.03598227448880197,-0.027300343499390374,-0.03774486301127901,-0.02775702429235776,-0.04037852927076941,-0.043775153039884135,-0.04159983996903041,-0.04025299426741058,-0.04465061058044317,-0.03754282573875188,-0.02890492924658974,-0.04780191247274742,-0.03641076151244578,-0.007287095098301728,-0.03656923901387926,-0.02893942236921989,-0.02395187211286763,-0.028470117115707648,-0.03476276141647874,-0.03500106383806213,-0.03562032418548926,-0.028361209695567147,-0.04443141200104295,-0.03931740334962371,-0.04288382066713785,-0.05054501491313373,-0.08606622820916733,-0.04250209328766162,-0.05455452079382837,-0.042279361887656984,-8.461668618950454e-4
S193Fg39,-0.02552539126014332,-0.02114995304887619,-0.003907127551022198,-0.019476491062463328,-0.01578576502200666,-0.028613407417456244,-0.006059804735256781,-0.025589483609384067,-0.010580874057838419,-0.009166390003604322,-0.0029701111715069225,0.005515563600977358,-0.010090793146370724,-0.01695583107287878,-0.015717486969334313,-0.013507471023163124,-0.015812726530088805,0.020116334039667297,-0.010334820108873849,0.004572084668632353,-0.017105574260331647,0.9459115937950481,0.03209126672802026,-0.023092697406157596,0.011093915069869393,0.007171414781895977,0.024667417534647323,-0.015008687316879628,-0.027080845397296247,-0.012252182698421942,-0.024882933110404234,-0.023279430024899628,-0.021629530048001302,-0.01732484396566583,-0.011867529014214534,-0.025958594287418472,-0.018896237313645915,0.0024429273904234316,-0.012774048504128404,-0.0706833193735641,-0.02154031149365284,0.012281884545805258,-0.02656384692715952,-0.009445145722779479
S193Fg42,-0.02486405447029521,0.05963180230839366,0.9859897970916393,-0.032055848453567584,-0.035382942420159436,-0.020498917174295226,-0.03499331852912439,-0.03623545418337157,-0.033257769805770186,-0.018361903802511036,-0.030367175829976743,-0.031822667174431156,-0.024817208760492503,-0.027171913377738242,-0.034909599874805096,-0.038231960885847294,-0.03344420146109781,-0.03554956766242471,-0.04199407782619188,-0.036276718313781334,-0.041056934894817536,-0.03890522039593216,-0.04337711308345423,-0.02627447016235658,-0.04117862468124675,-0.02726950992351543,-0.033755538954151815,-0.02761647739828253,-0.033931989486263275,-0.030863227059586777,-0.031681232524578,-0.016747257320994566,-0.030391804770125406,-0.02568917262146513,-0.034592366626327385,-0.03942337238554125,0.011305753430409864,-0.046065011142089336,-0.03839432233653994,-0.08496848383512114,-0.04775890647767571,-0.04462424623134313,-0.03114126855641264,-0.016280397315171287
S193Fg44,-0.012060777377404963,-0.020960340088258207,-0.027021685851760603,-0.012169902959113542,-0.02663339990415425,-0.025973646365086065,-0.03580779434201334,-0.02994649071388381,0.0022495141991303036,-0.016441004780763963,-0.023069968085841244,-0.008575372159948975,-8.281641034968283e-4,0.011291666811983903,0.9826719308616859,-0.007502983389985376,0.07816823902453846,-0.00357477278723483,-0.011855561457038706,-0.022318049403531603,-0.019640743999133403,-0.021157169899152672,-0.020685257609476527,-0.014024598722193376,-0.026255093593800946,0.0011667901402715238,-0.027668628560748643,-0.021438733641647025,-0.020203695683839232,-0.003722896011102316,-0.021669844602414768,-0.0315511509296917,-0.037020040004322,-0.023747454132205425,-0.026292969108596166,-0.040152120542985746,-0.03991494501389002,-0.028474595898264902,-0.035609002764571906,-0.08085570999404466,-0.04059010255722495,-0.022857637915130055,-0.023457970900392065,-0.001892607665880905
S193Fg45,-0.008564419930431638,-0.00969330259738241,-0.02567332785961889,-0.0193918603801246,-0.03552153971327934,-0.03211777102005721,-0.027879457845213503,-0.03623545418337157,-0.026948730435680027,-0.006413825468177544,-0.007313714609869299,-0.010094214082526982,0.9813069900518284,0.021574220211283288,-0.0085298306075179409,-0.01691362574924714,0.007134486257906315,-0.00869307415020176,-0.024182940927993682,-0.014088019076605089,-0.018781658821820032,-0.025344697015004247,5.750027525170696e-4,-0.009999561605479388,-0.02090245086789984,-0.025918077555086325,-0.01081912034450987,-0.029179540987605678,-0.01138214710037292,-0.028012420301284036,-0.021209161459414927,-0.025439676491133722,-0.03202603478719021,0.009007439195086073,-0.011282151656360189,-0.020497988929498355,-0.0242907541479874,-0.028078839493676087,-0.028203063728157854,-0.07965852703764842,-0.0391156688063674,-0.01613962085419258,-0.01896951894630954,-0.018393398879252062
